Datum,Uhrzeit,Belegte Plätze,Freie Plätze
2026-03-11,08:57:56,4,6
2026-03-11,08:58:09,4,6
2026-03-11,08:58:46,4,6
2026-03-11,09:00:53,5,5
2026-03-11,09:01:35,5,5
2026-03-11,09:03:42,5,5
2026-03-11,09:05:49,5,5
2026-03-11,09:07:54,6,4
2026-03-11,09:10:00,6,4
2026-03-11,09:12:06,6,4
2026-03-11,09:14:14,6,4
2026-03-11,09:16:20,6,4
2026-03-11,09:18:26,6,4
2026-03-11,09:20:32,6,4
2026-03-11,09:22:37,6,4
2026-03-11,09:24:49,6,4
2026-03-11,09:26:54,6,4
2026-03-11,09:29:00,6,4
2026-03-11,09:31:06,6,4
2026-03-11,09:33:13,6,4
2026-03-11,09:35:18,7,3
2026-03-11,09:37:24,7,3
2026-03-11,09:39:30,7,3
2026-03-11,09:41:36,7,3
2026-03-11,09:43:42,7,3
2026-03-11,09:45:48,7,3
2026-03-11,09:47:54,6,4
2026-03-11,09:49:59,6,4
2026-03-11,09:52:05,6,4
2026-03-11,09:54:11,6,4
2026-03-11,09:56:17,6,4
2026-03-11,09:58:24,6,4
2026-03-11,10:00:32,6,4
2026-03-11,10:02:55,6,4
2026-03-11,10:05:01,6,4
2026-03-11,10:07:07,6,4
2026-03-11,10:09:13,6,4
2026-03-11,10:11:19,6,4
2026-03-11,10:13:25,6,4
2026-03-11,10:15:33,6,4
2026-03-11,10:17:42,6,4
2026-03-11,10:19:49,6,4
2026-03-11,10:21:54,7,3
2026-03-11,10:24:00,7,3
2026-03-11,10:26:06,7,3
2026-03-11,10:28:11,7,3
2026-03-11,10:30:17,7,3
2026-03-11,10:32:24,7,3
2026-03-11,10:34:29,7,3
2026-03-11,10:36:35,7,3
2026-03-11,10:38:43,6,4
2026-03-11,10:40:52,6,4
2026-03-11,10:42:59,6,4
2026-03-11,10:45:06,6,4
2026-03-11,10:47:13,5,5
2026-03-11,10:49:20,5,5
2026-03-11,10:51:26,4,6
2026-03-11,10:53:32,4,6
2026-03-11,10:55:40,4,6
2026-03-11,10:57:53,4,6
2026-03-11,11:00:01,4,6
2026-03-11,11:02:08,4,6
2026-03-11,11:04:14,4,6
2026-03-11,11:06:20,4,6
2026-03-11,11:08:26,4,6
2026-03-11,11:10:32,4,6
2026-03-11,11:12:38,4,6
2026-03-11,11:14:46,4,6
2026-03-11,11:16:53,4,6
2026-03-11,11:18:58,4,6
2026-03-11,11:21:04,4,6
2026-03-11,11:23:10,4,6
2026-03-11,11:25:15,4,6
2026-03-11,11:27:20,4,6
2026-03-11,11:29:27,4,6
2026-03-11,11:31:33,4,6
2026-03-11,11:33:39,4,6
2026-03-11,11:35:44,4,6
2026-03-11,11:37:50,4,6
2026-03-11,11:39:56,4,6
2026-03-11,11:42:01,4,6
2026-03-11,11:44:07,4,6
2026-03-11,11:46:13,4,6
2026-03-11,11:48:19,5,5
2026-03-11,11:50:25,5,5
2026-03-11,11:52:30,5,5
2026-03-11,11:54:36,5,5
2026-03-11,11:56:42,5,5
2026-03-11,11:58:49,5,5
2026-03-11,12:00:54,4,6
2026-03-11,12:03:00,4,6
2026-03-11,12:05:07,4,6
2026-03-11,12:07:14,4,6
2026-03-11,12:09:20,4,6
2026-03-11,12:11:26,4,6
2026-03-11,12:13:31,4,6
2026-03-11,12:15:37,4,6
2026-03-11,12:17:44,4,6
2026-03-11,12:19:50,4,6
2026-03-11,12:21:57,4,6
2026-03-11,12:24:04,4,6
2026-03-11,12:26:10,4,6
2026-03-11,12:28:18,4,6
2026-03-11,12:30:25,4,6
2026-03-11,12:32:32,4,6
2026-03-11,12:34:40,4,6
2026-03-11,12:36:47,4,6
2026-03-11,12:38:56,4,6
2026-03-11,12:41:02,3,7
2026-03-11,12:43:09,3,7
2026-03-11,12:45:18,3,7
2026-03-11,12:47:28,3,7
2026-03-11,12:49:36,3,7
2026-03-11,12:51:43,3,7
2026-03-11,12:53:49,3,7
2026-03-11,12:55:58,3,7
2026-03-11,12:58:13,3,7
2026-03-11,13:00:22,3,7
2026-03-11,13:02:29,3,7
2026-03-11,13:04:37,3,7
2026-03-11,13:06:45,3,7
2026-03-11,13:08:54,3,7
2026-03-11,13:11:03,3,7
2026-03-11,13:13:11,2,8
2026-03-11,13:15:21,2,8
2026-03-11,13:17:30,2,8
2026-03-11,13:19:38,2,8
2026-03-11,13:21:46,2,8
2026-03-11,13:24:15,2,8
2026-03-11,13:26:22,2,8
2026-03-11,13:28:32,2,8
2026-03-11,13:30:42,2,8
2026-03-11,13:32:52,2,8
2026-03-11,13:35:03,2,8
2026-03-11,13:37:11,2,8
2026-03-11,13:39:20,2,8
2026-03-11,13:41:29,2,8
2026-03-11,13:43:38,2,8
2026-03-11,13:45:49,2,8
2026-03-11,13:47:59,2,8
2026-03-11,13:50:08,2,8
2026-03-11,13:52:19,3,7
2026-03-11,13:54:32,3,7
2026-03-11,13:56:47,3,7
2026-03-11,13:58:57,3,7
2026-03-11,14:01:12,3,7
2026-03-11,14:03:21,3,7
2026-03-11,14:05:34,3,7
2026-03-11,14:07:42,3,7
2026-03-11,14:09:51,3,7
2026-03-11,14:12:00,3,7
2026-03-11,14:14:09,3,7
2026-03-11,14:16:18,4,6
2026-03-11,14:18:27,4,6
2026-03-11,14:20:32,4,6
2026-03-11,14:22:41,4,6
2026-03-11,14:24:54,4,6
2026-03-11,14:27:07,4,6
2026-03-11,14:29:17,4,6
2026-03-11,14:31:25,4,6
2026-03-11,14:33:43,4,6
2026-03-11,14:36:02,4,6
2026-03-11,14:38:11,4,6
2026-03-11,14:40:20,4,6
2026-03-11,14:42:38,4,6
2026-03-11,14:44:50,4,6
2026-03-11,14:47:03,4,6
2026-03-11,14:49:14,4,6
2026-03-11,14:51:21,4,6
2026-03-11,14:53:29,4,6
2026-03-11,14:55:40,4,6
2026-03-11,14:57:53,4,6
2026-03-11,15:00:07,4,6
2026-03-11,15:02:17,4,6
2026-03-11,15:04:30,5,5
2026-03-11,15:06:49,5,5
2026-03-11,15:09:03,5,5
2026-03-11,15:11:11,5,5
2026-03-11,15:13:19,5,5
2026-03-11,15:15:26,5,5
2026-03-11,15:17:37,5,5
2026-03-11,15:19:49,5,5
2026-03-11,15:21:56,5,5
2026-03-11,15:24:07,5,5
2026-03-11,15:26:15,5,5
2026-03-11,15:28:24,5,5
2026-03-11,15:30:34,4,6
2026-03-11,15:32:47,4,6
2026-03-11,15:34:57,4,6
2026-03-11,15:37:10,3,7
2026-03-11,15:39:21,3,7
2026-03-11,15:41:29,3,7
2026-03-11,15:43:44,3,7
2026-03-11,15:46:00,3,7
2026-03-11,15:48:24,3,7
2026-03-11,15:50:32,3,7
2026-03-11,15:52:43,3,7
2026-03-11,15:54:52,3,7
2026-03-11,15:57:01,3,7
2026-03-11,15:59:15,3,7
2026-03-11,16:01:25,3,7
2026-03-11,16:03:36,3,7
2026-03-11,16:05:45,3,7
2026-03-11,16:07:54,3,7
2026-03-11,16:10:22,3,7
2026-03-11,16:12:30,3,7
2026-03-11,16:14:38,3,7
2026-03-11,19:45:31,5,5
2026-03-11,19:46:08,5,5
2026-03-11,19:51:10,5,5
2026-03-11,19:55:23,6,4
2026-03-11,19:56:14,6,4
2026-03-11,20:00:26,5,5
2026-03-11,20:01:16,5,5
2026-03-11,20:05:30,5,5
2026-03-11,20:06:20,5,5
2026-03-11,20:10:33,5,5
2026-03-11,20:11:22,5,5
2026-03-11,20:16:25,5,5
2026-03-11,20:20:39,5,5
2026-03-11,20:21:28,5,5
2026-03-11,20:25:42,5,5
2026-03-11,20:26:30,5,5
2026-03-11,20:30:44,5,5
2026-03-11,20:31:33,5,5
2026-03-11,20:35:47,5,5
2026-03-11,20:36:36,5,5
2026-03-11,20:40:50,5,5
2026-03-11,20:41:40,5,5
2026-03-11,20:45:53,5,5
2026-03-12,11:46:03,1,9
2026-03-12,11:50:02,1,9
2026-03-12,11:51:06,1,9
2026-03-12,11:55:05,1,9
2026-03-12,11:56:10,1,9
2026-03-12,12:00:08,1,9
2026-03-12,12:01:13,1,9
2026-03-12,12:05:11,1,9
2026-03-12,12:06:16,1,9
2026-03-12,12:10:15,1,9
2026-03-12,12:11:20,1,9
2026-03-12,12:15:19,1,9
2026-03-12,12:16:24,1,9
2026-03-12,12:20:21,1,9
2026-03-12,12:25:24,1,9
2026-03-12,12:26:29,1,9
2026-03-12,12:30:28,1,9
2026-03-12,12:31:32,1,9
2026-03-12,12:35:31,1,9
2026-03-12,12:36:35,1,9
2026-03-12,12:40:34,1,9
2026-03-12,12:41:39,1,9
2026-03-12,12:45:38,1,9
2026-03-12,12:46:42,1,9
2026-03-12,12:50:41,1,9
2026-03-12,12:51:46,1,9
2026-03-12,12:55:45,1,9
2026-03-12,12:56:49,1,9
2026-03-12,13:00:49,1,9
2026-03-12,13:05:52,1,9
2026-03-12,13:06:56,1,9
2026-03-12,13:10:56,1,9
2026-03-12,13:12:00,1,9
2026-03-12,13:15:59,2,8
2026-03-12,13:17:03,2,8
2026-03-12,13:21:02,2,8
2026-03-12,13:22:06,2,8
2026-03-12,13:26:05,2,8
2026-03-12,13:27:09,2,8
2026-03-12,13:31:08,2,8
2026-03-12,13:32:11,2,8
2026-03-12,13:36:11,2,8
2026-03-12,13:37:14,2,8
2026-03-12,13:41:14,2,8
2026-03-12,13:42:18,2,8
2026-03-12,13:46:18,2,8
2026-03-12,13:47:22,2,8
2026-03-12,13:51:22,2,8
2026-03-12,13:52:25,2,8
2026-03-12,13:56:26,2,8
2026-03-12,13:57:29,2,8
2026-03-12,14:01:30,2,8
2026-03-12,14:02:33,2,8
2026-03-12,14:06:34,2,8
2026-03-12,14:07:36,2,8
2026-03-12,14:11:37,2,8
2026-03-12,14:12:39,2,8
2026-03-12,14:16:41,2,8
2026-03-12,14:17:44,2,8
2026-03-12,14:21:44,2,8
2026-03-12,14:22:47,2,8
2026-03-12,14:26:48,2,8
2026-03-12,14:27:50,2,8
2026-03-12,14:31:50,3,7
2026-03-12,14:32:53,3,7
2026-03-12,14:36:53,3,7
2026-03-12,14:37:56,3,7
2026-03-12,14:41:56,3,7
2026-03-12,14:42:59,3,7
2026-03-12,14:46:59,3,7
2026-03-12,14:48:02,3,7
2026-03-12,14:52:02,3,7
2026-03-12,14:53:05,3,7
2026-03-12,14:57:05,2,8
2026-03-12,14:58:09,2,8
2026-03-12,15:02:08,2,8
2026-03-12,15:03:11,2,8
2026-03-12,15:07:11,2,8
2026-03-12,15:08:14,2,8
2026-03-12,15:12:14,2,8
2026-03-12,15:13:17,2,8
2026-03-12,15:17:17,2,8
2026-03-12,15:22:19,2,8
2026-03-12,15:23:22,2,8
2026-03-12,15:28:25,2,8
2026-03-12,15:32:24,2,8
2026-03-12,15:33:28,2,8
2026-03-12,15:37:28,2,8
2026-03-12,15:38:30,2,8
2026-03-12,15:42:30,2,8
2026-03-12,15:47:33,2,8
2026-03-12,15:48:35,1,9
2026-03-12,15:52:36,1,9
2026-03-12,15:53:37,1,9
2026-03-12,15:57:38,1,9
2026-03-12,15:58:40,1,9
2026-03-12,16:02:41,1,9
2026-03-12,16:07:43,1,9
2026-03-12,16:08:45,1,9
2026-03-12,16:12:46,1,9
2026-03-12,16:13:48,1,9
2026-03-12,16:17:49,1,9
2026-03-12,16:18:52,1,9
2026-03-12,16:23:56,1,9
2026-03-12,16:27:56,1,9
2026-03-12,16:28:59,1,9
2026-03-12,16:33:00,1,9
2026-03-12,16:34:03,1,9
2026-03-12,16:38:04,1,9
2026-03-12,16:39:07,1,9
2026-03-12,16:43:06,1,9
2026-03-12,16:44:10,1,9
2026-03-12,16:48:09,1,9
2026-03-12,16:49:13,1,9
2026-03-12,16:53:12,1,9
2026-03-12,16:54:15,1,9
2026-03-12,16:58:14,1,9
2026-03-12,16:59:18,1,9
2026-03-12,17:04:20,1,9
2026-03-12,17:08:19,1,9
2026-03-12,17:09:22,1,9
2026-03-12,17:13:22,1,9
2026-03-12,17:14:25,1,9
2026-03-12,17:18:25,2,8
2026-03-12,17:23:28,2,8
2026-03-12,17:24:32,2,8
2026-03-12,17:28:32,2,8
2026-03-12,17:29:35,2,8
2026-03-12,17:33:35,2,8
2026-03-12,17:34:38,2,8
2026-03-12,17:38:39,2,8
2026-03-12,17:39:42,2,8
2026-03-12,17:43:42,2,8
2026-03-12,17:44:46,2,8
2026-03-12,17:48:46,2,8
2026-03-12,17:49:49,2,8
2026-03-12,17:53:49,2,8
2026-03-12,17:54:52,2,8
2026-03-12,17:58:53,2,8
2026-03-12,17:59:56,2,8
2026-03-12,18:03:56,2,8
2026-03-12,18:04:59,2,8
2026-03-12,18:09:00,2,8
2026-03-12,18:10:03,2,8
2026-03-12,18:14:03,2,8
2026-03-12,18:15:06,2,8
2026-03-12,18:24:09,2,8
2026-03-12,18:25:14,2,8
2026-03-12,18:29:13,3,7
2026-03-12,18:30:18,3,7
2026-03-12,18:34:17,3,7
2026-03-12,18:35:22,3,7
2026-03-12,18:40:26,3,7
2026-03-12,18:44:23,3,7
2026-03-12,18:45:29,3,7
2026-03-12,18:49:27,3,7
2026-03-12,18:50:32,3,7
2026-03-12,18:54:30,3,7
2026-03-12,18:55:35,3,7
2026-03-12,18:59:32,3,7
2026-03-12,19:00:37,3,7
2026-03-12,19:04:35,3,7
2026-03-12,19:05:40,3,7
2026-03-12,19:09:38,3,7
2026-03-12,19:10:43,3,7
2026-03-12,19:14:42,3,7
2026-03-12,19:15:46,3,7
2026-03-12,19:19:45,3,7
2026-03-12,19:20:49,3,7
2026-03-12,19:24:49,3,7
2026-03-12,19:25:53,3,7
2026-03-12,19:29:53,3,7
2026-03-12,19:30:56,3,7
2026-03-12,19:34:55,3,7
2026-03-12,19:35:58,3,7
2026-03-12,19:40:00,3,7
2026-03-12,19:41:01,3,7
2026-03-12,19:45:03,3,7
2026-03-12,19:46:04,3,7
2026-03-12,19:50:06,3,7
2026-03-12,19:51:07,3,7
2026-03-12,19:55:10,3,7
2026-03-12,19:56:10,3,7
2026-03-12,20:00:13,3,7
2026-03-12,20:01:14,3,7
2026-03-12,20:05:17,3,7
2026-03-12,20:06:17,3,7
2026-03-12,20:10:20,3,7
2026-03-12,20:11:22,3,7
2026-03-12,20:15:23,3,7
2026-03-12,20:16:25,3,7
2026-03-12,20:20:27,3,7
2026-03-12,20:21:28,3,7
2026-03-12,20:25:30,1,9
2026-03-12,20:26:30,1,9
2026-03-12,20:30:33,1,9
2026-03-12,20:31:34,1,9
2026-03-12,20:35:36,1,9
2026-03-12,20:36:37,1,9
2026-03-12,20:40:39,1,9
2026-03-12,20:41:39,1,9
2026-03-12,20:45:41,1,9
2026-03-12,20:46:42,1,9
2026-03-12,20:50:44,1,9
2026-03-13,11:36:31,0,10
2026-03-13,11:40:49,0,10
2026-03-13,11:41:34,0,10
2026-03-13,11:45:52,0,10
2026-03-13,11:46:38,1,9
2026-03-13,11:50:56,1,9
2026-03-13,11:51:42,1,9
2026-03-13,12:01:02,1,9
2026-03-13,12:01:48,1,9
2026-03-13,12:06:06,1,9
2026-03-13,12:06:51,1,9
2026-03-13,12:11:09,1,9
2026-03-13,12:11:55,1,9
2026-03-13,12:16:59,2,8
2026-03-13,12:21:16,2,8
2026-03-13,12:22:02,2,8
2026-03-13,12:26:20,2,8
2026-03-13,12:27:06,2,8
2026-03-13,12:31:23,2,8
2026-03-13,12:32:09,2,8
2026-03-13,12:36:27,2,8
2026-03-13,12:37:12,2,8
2026-03-13,12:42:15,2,8
2026-03-13,12:46:33,3,7
2026-03-13,12:47:19,3,7
2026-03-13,12:51:36,3,7
2026-03-13,12:52:22,3,7
2026-03-13,12:56:39,3,7
2026-03-13,12:57:25,3,7
2026-03-13,13:01:43,3,7
2026-03-13,13:06:51,3,7
2026-03-13,13:07:32,3,7
2026-03-13,13:11:55,3,7
2026-03-13,13:12:35,3,7
2026-03-13,13:16:59,3,7
2026-03-13,13:17:39,3,7
2026-03-13,13:27:05,3,7
2026-03-13,13:32:09,3,7
2026-03-13,13:32:48,3,7
2026-03-13,13:37:11,3,7
2026-03-13,13:37:51,3,7
2026-03-13,13:42:14,3,7
2026-03-13,13:42:54,3,7
2026-03-13,13:47:18,3,7
2026-03-13,13:47:58,3,7
2026-03-13,13:52:22,3,7
2026-03-13,13:53:01,3,7
2026-03-13,13:57:26,3,7
2026-03-13,13:58:04,3,7
2026-03-13,14:02:29,3,7
2026-03-13,14:03:07,3,7
2026-03-13,14:08:11,3,7
2026-03-13,14:12:35,3,7
2026-03-13,14:13:15,3,7
2026-03-13,14:17:39,3,7
2026-03-13,14:18:19,3,7
2026-03-13,14:22:42,3,7
2026-03-13,14:23:23,3,7
2026-03-13,14:27:45,3,7
2026-03-13,14:28:28,3,7
2026-03-13,14:32:49,3,7
2026-03-13,14:33:31,3,7
2026-03-13,14:37:53,3,7
2026-03-13,14:38:35,3,7
2026-03-13,14:42:56,3,7
2026-03-13,14:43:39,3,7
2026-03-13,14:47:59,3,7
2026-03-13,14:53:03,3,7
2026-03-13,14:53:45,3,7
2026-03-13,14:58:48,3,7
2026-03-13,15:03:09,3,7
2026-03-13,15:03:52,3,7
2026-03-13,15:08:13,3,7
2026-03-13,15:08:55,3,7
2026-03-13,15:13:16,3,7
2026-03-13,15:13:58,3,7
2026-03-13,15:18:20,3,7
2026-03-13,15:19:02,3,7
2026-03-13,15:23:23,3,7
2026-03-13,15:24:05,3,7
2026-03-13,15:28:27,3,7
2026-03-13,15:29:08,3,7
2026-03-13,15:33:31,3,7
2026-03-13,15:34:11,3,7
2026-03-13,15:38:33,3,7
2026-03-13,15:39:15,3,7
2026-03-13,15:43:35,3,7
2026-03-13,15:44:18,3,7
2026-03-13,15:48:39,3,7
2026-03-13,15:49:21,3,7
2026-03-13,15:53:43,3,7
2026-03-13,15:54:24,3,7
2026-03-13,15:58:46,3,7
2026-03-13,16:03:49,2,8
2026-03-13,16:04:31,2,8
2026-03-13,16:08:53,2,8
2026-03-13,16:09:35,2,8
2026-03-13,16:13:57,2,8
2026-03-13,16:14:38,2,8
2026-03-13,16:19:01,2,8
2026-03-13,16:19:43,2,8
2026-03-13,16:24:04,2,8
2026-03-13,16:24:46,2,8
2026-03-13,16:29:08,2,8
2026-03-13,16:29:49,2,8
2026-03-13,16:34:11,2,8
2026-03-13,16:34:52,2,8
2026-03-13,16:39:14,2,8
2026-03-13,16:39:56,2,8
2026-03-13,16:44:18,3,7
2026-03-13,16:44:59,3,7
2026-03-13,16:50:03,3,7
2026-03-13,16:54:24,3,7
2026-03-13,16:55:06,3,7
2026-03-13,17:00:10,3,7
2026-03-13,17:04:30,3,7
2026-03-13,17:05:13,3,7
2026-03-13,17:09:33,3,7
2026-03-13,17:10:16,3,7
2026-03-13,17:14:36,3,7
2026-03-13,17:15:19,3,7
2026-03-13,17:19:40,3,7
2026-03-13,17:20:22,3,7
2026-03-13,17:24:43,3,7
2026-03-13,17:25:25,3,7
2026-03-13,17:29:46,3,7
2026-03-13,17:30:28,3,7
2026-03-13,17:34:49,3,7
2026-03-13,17:35:31,3,7
2026-03-13,17:39:52,2,8
2026-03-13,17:44:55,2,8
2026-03-13,17:45:38,2,8
2026-03-13,17:49:59,2,8
2026-03-13,17:50:41,2,8
2026-03-13,17:55:02,2,8
2026-03-13,18:00:05,3,7
2026-03-13,18:00:48,3,7
2026-03-13,18:05:08,3,7
2026-03-13,18:05:51,3,7
2026-03-13,18:10:11,3,7
2026-03-13,18:10:54,3,7
2026-03-13,18:15:14,3,7
2026-03-13,18:15:57,3,7
2026-03-13,18:20:18,3,7
2026-03-13,18:21:00,3,7
2026-03-13,18:25:22,3,7
2026-03-13,18:26:04,3,7
2026-03-13,18:30:25,3,7
2026-03-13,18:31:07,3,7
2026-03-13,18:36:10,3,7
2026-03-13,18:40:32,3,7
2026-03-13,18:41:14,3,7
2026-03-13,18:45:35,3,7
2026-03-13,18:46:17,3,7
2026-03-13,18:50:39,3,7
2026-03-13,18:51:20,3,7
2026-03-13,18:55:42,3,7
2026-03-13,18:56:27,3,7
2026-03-13,19:00:45,3,7
2026-03-13,19:05:48,3,7
2026-03-13,19:06:32,3,7
2026-03-13,19:10:52,3,7
2026-03-13,19:11:36,3,7
2026-03-13,19:15:55,3,7
2026-03-13,19:16:39,3,7
2026-03-13,19:20:59,3,7
2026-03-13,19:21:43,3,7
2026-03-13,19:26:02,5,5
2026-03-13,19:31:04,5,5
2026-03-13,19:31:48,5,5
2026-03-13,19:36:07,4,6
2026-03-13,19:36:52,4,6
2026-03-13,19:41:09,4,6
2026-03-13,19:41:57,4,6
2026-03-13,19:46:12,4,6
2026-03-13,19:47:00,4,6
2026-03-13,19:51:15,4,6
2026-03-13,19:52:03,4,6
2026-03-13,19:56:18,7,3
2026-03-13,19:57:06,7,3
2026-03-13,20:01:21,8,2
2026-03-13,20:02:09,8,2
2026-03-13,20:06:25,8,2
2026-03-13,20:07:12,8,2
2026-03-13,20:12:16,8,2
2026-03-13,20:16:32,8,2
2026-03-13,20:17:20,8,2
2026-03-13,20:21:36,8,2
2026-03-13,20:22:24,8,2
2026-03-13,20:26:39,8,2
2026-03-13,20:27:28,8,2
2026-03-13,20:31:43,8,2
2026-03-13,20:32:31,8,2
2026-03-13,20:36:46,8,2
2026-03-13,20:37:34,7,3
2026-03-13,20:41:49,7,3
2026-03-13,20:42:37,7,3
2026-03-14,08:52:26,0,10
2026-03-14,08:53:30,0,10
2026-03-14,08:57:29,0,10
2026-03-14,08:58:33,0,10
2026-03-14,09:02:32,0,10
2026-03-14,09:03:37,0,10
2026-03-14,09:07:39,0,10
2026-03-14,09:08:42,0,10
2026-03-14,09:12:42,0,10
2026-03-14,09:17:45,0,10
2026-03-14,09:18:48,0,10
2026-03-14,09:22:48,0,10
2026-03-14,09:23:50,0,10
2026-03-14,09:27:51,0,10
2026-03-14,09:28:53,0,10
2026-03-14,09:32:53,0,10
2026-03-14,09:33:56,0,10
2026-03-14,09:38:59,0,10
2026-03-14,09:44:01,0,10
2026-03-14,09:48:01,0,10
2026-03-14,09:49:04,1,9
2026-03-14,09:53:04,1,9
2026-03-14,09:54:07,1,9
2026-03-14,09:58:07,1,9
2026-03-14,09:59:09,1,9
2026-03-14,10:03:09,1,9
2026-03-14,10:08:13,2,8
2026-03-14,10:09:15,2,8
2026-03-14,10:13:15,2,8
2026-03-14,10:14:17,2,8
2026-03-14,10:18:18,2,8
2026-03-14,10:19:20,2,8
2026-03-14,10:23:20,2,8
2026-03-14,10:24:23,2,8
2026-03-14,10:28:23,2,8
2026-03-14,10:29:26,2,8
2026-03-14,10:33:25,2,8
2026-03-14,10:34:28,2,8
2026-03-14,10:38:28,3,7
2026-03-14,10:39:31,3,7
2026-03-14,10:43:30,3,7
2026-03-14,10:44:34,3,7
2026-03-14,10:48:33,3,7
2026-03-14,10:49:36,3,7
2026-03-14,10:53:36,3,7
2026-03-14,10:54:39,3,7
2026-03-14,10:58:38,3,7
2026-03-14,10:59:42,3,7
2026-03-14,11:03:41,3,7
2026-03-14,11:04:44,3,7
2026-03-14,11:08:44,3,7
2026-03-14,11:09:47,3,7
2026-03-14,11:13:47,3,7
2026-03-14,11:14:49,3,7
2026-03-14,11:18:50,3,7
2026-03-14,11:19:52,3,7
2026-03-14,11:23:53,3,7
2026-03-14,11:24:56,3,7
2026-03-14,11:28:57,3,7
2026-03-14,11:29:59,3,7
2026-03-14,11:34:00,3,7
2026-03-14,11:35:01,3,7
2026-03-14,11:39:02,3,7
2026-03-14,11:40:04,3,7
2026-03-14,11:44:04,4,6
2026-03-14,11:45:06,4,6
2026-03-14,11:49:07,4,6
2026-03-14,11:50:10,4,6
2026-03-14,11:54:11,4,6
2026-03-14,11:55:13,4,6
2026-03-14,11:59:14,5,5
2026-03-14,12:00:16,5,5
2026-03-14,12:04:17,5,5
2026-03-14,12:05:20,5,5
2026-03-14,12:09:21,5,5
2026-03-14,12:10:24,5,5
2026-03-14,12:15:27,5,5
2026-03-14,12:19:27,5,5
2026-03-14,12:20:30,5,5
2026-03-14,12:24:31,5,5
2026-03-14,12:25:34,5,5
2026-03-14,12:29:34,7,3
2026-03-14,12:30:37,7,3
2026-03-14,12:34:37,7,3
2026-03-14,12:35:40,7,3
2026-03-14,12:39:40,5,5
2026-03-14,12:40:44,5,5
2026-03-14,12:44:44,5,5
2026-03-14,12:45:47,5,5
2026-03-14,12:49:47,4,6
2026-03-14,12:50:50,4,6
2026-03-14,12:54:51,4,6
2026-03-14,12:55:54,4,6
2026-03-14,12:59:55,4,6
2026-03-14,13:00:57,4,6
2026-03-14,13:04:57,4,6
2026-03-14,13:06:00,4,6
2026-03-14,13:09:59,4,6
2026-03-14,13:11:03,4,6
2026-03-14,13:15:02,4,6
2026-03-14,13:16:05,4,6
2026-03-14,13:20:06,5,5
2026-03-14,13:21:09,5,5
2026-03-14,13:25:09,5,5
2026-03-14,13:30:12,7,3
2026-03-14,13:31:17,7,3
2026-03-14,13:35:15,7,3
2026-03-14,13:40:19,7,3
2026-03-14,13:41:24,7,3
2026-03-14,13:45:21,7,3
2026-03-14,13:46:26,7,3
2026-03-14,13:50:25,7,3
2026-03-14,13:51:29,7,3
2026-03-14,13:55:28,7,3
2026-03-14,13:56:31,7,3
2026-03-14,14:00:31,6,4
2026-03-14,14:01:34,6,4
2026-03-14,14:06:37,5,5
2026-03-14,14:10:36,5,5
2026-03-14,14:11:39,5,5
2026-03-14,14:15:38,5,5
2026-03-14,14:16:41,5,5
2026-03-14,14:20:41,5,5
2026-03-14,14:21:44,5,5
2026-03-14,14:25:44,5,5
2026-03-14,14:30:47,5,5
2026-03-14,14:31:49,5,5
2026-03-14,14:35:49,5,5
2026-03-14,14:36:51,5,5
2026-03-14,14:40:53,5,5
2026-03-14,14:41:55,5,5
2026-03-14,14:45:56,5,5
2026-03-14,14:46:58,5,5
2026-03-14,14:51:00,5,5
2026-03-14,14:56:03,5,5
2026-03-14,14:57:04,5,5
2026-03-14,15:01:07,5,5
2026-03-14,15:02:08,5,5
2026-03-14,15:06:10,5,5
2026-03-14,15:07:11,5,5
2026-03-14,15:12:14,5,5
2026-03-14,15:16:18,5,5
2026-03-14,15:17:18,5,5
2026-03-14,15:21:21,4,6
2026-03-14,15:22:21,4,6
2026-03-14,15:26:25,4,6
2026-03-14,15:27:24,4,6
2026-03-14,15:31:28,4,6
2026-03-14,15:32:27,4,6
2026-03-14,15:36:32,4,6
2026-03-14,15:37:31,4,6
2026-03-14,15:41:35,4,6
2026-03-14,15:42:34,4,6
2026-03-14,15:46:38,5,5
2026-03-14,15:47:39,5,5
2026-03-14,15:51:41,5,5
2026-03-14,15:52:42,5,5
2026-03-15,08:39:27,0,10
2026-03-15,08:43:28,0,10
2026-03-15,08:44:30,0,10
2026-03-15,08:48:32,0,10
2026-03-15,08:49:34,0,10
2026-03-15,08:53:36,0,10
2026-03-15,08:54:37,0,10
2026-03-15,08:58:39,1,9
2026-03-15,08:59:40,1,9
2026-03-15,09:03:42,1,9
2026-03-15,09:04:43,1,9
2026-03-15,09:08:46,1,9
2026-03-15,09:13:50,2,8
2026-03-15,09:14:50,2,8
2026-03-15,09:18:53,3,7
2026-03-15,09:19:53,3,7
2026-03-15,09:23:56,3,7
2026-03-15,09:24:56,3,7
2026-03-15,09:28:58,3,7
2026-03-15,09:34:01,3,7
2026-03-15,09:35:01,3,7
2026-03-15,09:39:04,3,7
2026-03-15,09:40:04,3,7
2026-03-15,09:44:07,3,7
2026-03-15,09:45:07,3,7
2026-03-15,09:49:11,3,7
2026-03-15,09:50:10,3,7
2026-03-15,09:54:13,3,7
2026-03-15,09:55:12,3,7
2026-03-15,09:59:16,3,7
2026-03-15,10:00:15,3,7
2026-03-15,10:04:19,3,7
2026-03-15,10:05:18,3,7
2026-03-15,10:09:22,3,7
2026-03-15,10:10:21,3,7
2026-03-15,10:14:25,3,7
2026-03-15,10:15:24,3,7
2026-03-15,10:19:28,3,7
2026-03-15,10:20:28,3,7
2026-03-15,10:24:31,3,7
2026-03-15,10:29:34,3,7
2026-03-15,10:30:34,3,7
2026-03-15,10:34:37,3,7
2026-03-15,10:35:37,3,7
2026-03-15,10:39:41,3,7
2026-03-15,10:40:40,3,7
2026-03-15,10:44:44,3,7
2026-03-15,10:45:44,3,7
2026-03-15,10:49:47,3,7
2026-03-15,10:50:47,3,7
2026-03-15,10:54:50,3,7
2026-03-15,10:59:53,3,7
2026-03-15,11:00:53,3,7
2026-03-15,11:04:56,3,7
2026-03-15,11:05:55,3,7
2026-03-15,11:09:58,3,7
2026-03-15,11:10:58,3,7
2026-03-15,11:15:00,3,7
2026-03-15,11:16:00,3,7
2026-03-15,11:20:03,3,7
2026-03-15,11:21:02,3,7
2026-03-15,11:25:06,3,7
2026-03-15,11:26:04,3,7
2026-03-15,11:30:08,3,7
2026-03-15,11:31:07,3,7
2026-03-15,11:35:10,3,7
2026-03-15,11:36:09,3,7
2026-03-15,11:40:15,3,7
2026-03-15,11:41:12,3,7
2026-03-15,11:45:17,1,9
2026-03-15,11:46:14,1,9
2026-03-15,11:50:20,1,9
2026-03-15,11:51:17,1,9
2026-03-15,11:55:23,1,9
2026-03-15,11:56:19,1,9
2026-03-15,12:00:26,1,9
2026-03-15,12:01:22,1,9
2026-03-15,12:05:29,1,9
2026-03-15,12:06:24,1,9
2026-03-15,12:10:31,0,10
2026-03-15,12:11:27,0,10
2026-03-15,12:15:34,0,10
2026-03-15,12:16:30,0,10
2026-03-15,12:20:37,0,10
2026-03-15,12:21:33,0,10
2026-03-15,12:26:37,1,9
2026-03-15,12:30:43,1,9
2026-03-15,12:31:40,1,9
2026-03-15,12:35:47,1,9
2026-03-15,12:36:43,1,9
2026-03-15,12:40:50,1,9
2026-03-15,12:41:46,1,9
2026-03-15,12:45:53,1,9
2026-03-15,12:46:50,1,9
2026-03-15,12:50:56,1,9
2026-03-15,12:51:54,1,9
2026-03-15,12:56:00,3,7
2026-03-15,12:56:57,3,7
2026-03-15,13:01:03,3,7
2026-03-15,13:02:00,3,7
2026-03-15,13:06:06,3,7
2026-03-15,13:07:03,3,7
2026-03-15,13:11:09,3,7
2026-03-15,13:12:07,3,7
2026-03-15,13:16:13,3,7
2026-03-15,13:17:10,3,7
2026-03-15,13:21:17,3,7
2026-03-15,13:22:13,3,7
2026-03-15,13:26:20,3,7
2026-03-15,13:27:16,3,7
2026-03-15,13:31:23,3,7
2026-03-15,13:32:21,3,7
2026-03-15,13:36:27,4,6
2026-03-15,13:37:24,4,6
2026-03-15,13:41:31,4,6
2026-03-15,13:42:27,4,6
2026-03-15,13:46:34,4,6
2026-03-15,13:47:31,4,6
2026-03-15,13:51:37,5,5
2026-03-15,13:52:34,5,5
2026-03-15,13:56:41,5,5
2026-03-15,13:57:37,5,5
2026-03-15,14:01:45,6,4
2026-03-15,14:02:40,6,4
2026-03-15,14:06:48,6,4
2026-03-15,14:07:43,6,4
2026-03-15,14:11:51,7,3
2026-03-15,14:12:47,7,3
2026-03-15,14:16:55,8,2
2026-03-15,14:17:50,8,2
2026-03-15,14:21:58,8,2
2026-03-15,14:22:53,8,2
2026-03-15,14:27:01,8,2
2026-03-15,14:27:56,8,2
2026-03-15,14:32:05,8,2
2026-03-15,14:37:08,8,2
2026-03-15,14:38:03,8,2
2026-03-15,14:42:11,10,0
2026-03-15,14:43:06,10,0
2026-03-15,14:47:15,10,0
2026-03-15,14:52:18,10,0
2026-03-15,14:53:12,10,0
2026-03-15,14:57:21,9,1
2026-03-15,14:58:15,9,1
2026-03-15,15:02:25,9,1
2026-03-15,15:03:19,9,1
2026-03-15,15:07:28,9,1
2026-03-15,15:12:31,9,1
2026-03-15,15:13:24,9,1
2026-03-15,15:17:34,9,1
2026-03-15,15:18:27,9,1
2026-03-15,15:22:36,9,1
2026-03-15,15:23:30,9,1
2026-03-15,15:27:39,9,1
2026-03-15,15:28:33,8,2
2026-03-15,15:32:43,8,2
2026-03-15,15:33:37,8,2
2026-03-15,15:37:46,8,2
2026-03-15,15:38:40,8,2
2026-03-15,15:42:49,8,2
2026-03-15,15:43:44,8,2
2026-03-15,15:47:53,8,2
2026-03-15,15:48:47,8,2
2026-03-16,12:13:12,0,10
2026-03-16,12:17:54,0,10
2026-03-16,12:22:58,0,10
2026-03-16,12:23:33,0,10
2026-03-16,12:33:04,0,10
2026-03-16,12:33:40,0,10
2026-03-16,12:38:08,0,10
2026-03-16,12:38:43,0,10
2026-03-16,12:43:11,0,10
2026-03-16,12:43:47,0,10
2026-03-16,12:48:15,0,10
2026-03-16,12:53:18,0,10
2026-03-16,12:53:53,0,10
2026-03-16,12:58:21,0,10
2026-03-16,12:58:58,0,10
2026-03-16,13:03:25,0,10
2026-03-16,13:04:01,0,10
2026-03-16,13:08:28,0,10
2026-03-16,13:13:31,0,10
2026-03-16,13:14:08,0,10
2026-03-16,13:18:35,0,10
2026-03-16,13:19:11,0,10
2026-03-16,13:23:38,0,10
2026-03-16,13:24:14,0,10
2026-03-16,13:28:42,0,10
2026-03-16,13:29:18,0,10
2026-03-16,13:33:45,0,10
2026-03-16,13:34:21,0,10
2026-03-16,13:38:48,0,10
2026-03-16,13:39:24,0,10
2026-03-16,13:43:52,0,10
2026-03-16,13:44:28,0,10
2026-03-16,13:48:56,0,10
2026-03-16,13:49:32,0,10
2026-03-16,13:54:35,0,10
2026-03-16,14:04:42,1,9
2026-03-16,14:09:09,1,9
2026-03-16,14:09:45,1,9
2026-03-16,14:14:13,1,9
2026-03-16,14:14:48,1,9
2026-03-16,14:19:51,1,9
2026-03-16,14:24:20,1,9
2026-03-16,14:24:57,1,9
2026-03-16,14:29:23,1,9
2026-03-16,14:30:01,1,9
2026-03-16,14:34:27,1,9
2026-03-16,14:35:04,1,9
2026-03-16,14:39:30,1,9
2026-03-16,14:45:11,1,9
2026-03-16,14:50:14,1,9
2026-03-16,14:54:40,1,9
2026-03-16,14:55:18,1,9
2026-03-16,14:59:43,1,9
2026-03-16,15:00:21,1,9
2026-03-16,15:04:46,1,9
2026-03-16,15:05:24,1,9
2026-03-16,15:09:50,1,9
2026-03-16,15:10:28,1,9
2026-03-16,15:15:31,1,9
2026-03-16,15:20:34,0,10
2026-03-16,15:25:02,0,10
2026-03-16,15:25:38,0,10
2026-03-16,15:30:06,0,10
2026-03-16,15:30:41,0,10
2026-03-16,15:35:09,0,10
2026-03-16,15:35:44,0,10
2026-03-16,15:40:12,0,10
2026-03-16,15:40:47,0,10
2026-03-16,15:45:15,0,10
2026-03-16,15:50:19,0,10
2026-03-16,15:50:54,0,10
2026-03-16,15:55:22,0,10
2026-03-16,15:55:57,0,10
2026-03-16,16:00:26,0,10
2026-03-16,16:01:00,0,10
2026-03-16,16:05:29,0,10
2026-03-16,16:10:33,0,10
2026-03-16,16:11:07,0,10
2026-03-16,16:15:36,0,10
2026-03-16,16:20:39,0,10
2026-03-16,16:21:12,0,10
2026-03-16,16:25:41,0,10
2026-03-16,16:26:14,0,10
2026-03-16,16:31:18,0,10
2026-03-16,16:35:46,0,10
2026-03-16,16:36:20,0,10
2026-03-16,16:40:49,0,10
2026-03-16,16:41:23,0,10
2026-03-16,16:45:51,0,10
2026-03-16,16:46:26,0,10
2026-03-16,16:51:29,0,10
2026-03-16,16:56:31,0,10
2026-03-16,17:06:02,0,10
2026-03-16,17:06:37,0,10
2026-03-16,17:11:06,0,10
2026-03-16,17:11:40,0,10
2026-03-16,17:16:10,0,10
2026-03-16,17:16:44,0,10
2026-03-16,17:21:13,0,10
2026-03-16,17:26:50,1,9
2026-03-16,17:31:20,1,9
2026-03-16,17:36:23,1,9
2026-03-16,17:36:57,1,9
2026-03-16,17:42:00,1,9
2026-03-16,17:47:03,1,9
2026-03-16,17:51:33,1,9
2026-03-16,17:56:37,1,9
2026-03-16,17:57:10,1,9
2026-03-16,18:01:40,1,9
2026-03-16,18:02:13,1,9
2026-03-16,18:06:43,1,9
2026-03-16,18:11:46,1,9
2026-03-16,18:12:19,2,8
2026-03-16,18:16:49,2,8
2026-03-16,18:17:22,2,8
2026-03-16,18:21:54,2,8
2026-03-16,18:22:26,2,8
2026-03-16,18:26:57,2,8
2026-03-16,18:27:29,2,8
2026-03-16,18:32:01,2,8
2026-03-16,18:32:33,2,8
2026-03-16,18:37:04,2,8
2026-03-16,18:37:36,3,7
2026-03-16,18:42:07,3,7
2026-03-16,18:42:40,3,7
2026-03-16,18:47:10,3,7
2026-03-16,18:47:43,3,7
2026-03-16,18:52:14,3,7
2026-03-16,18:57:18,3,7
2026-03-16,18:57:50,3,7
2026-03-16,19:02:21,3,7
2026-03-16,19:02:53,3,7
2026-03-16,19:07:24,3,7
2026-03-16,19:07:57,3,7
2026-03-16,19:12:28,4,6
2026-03-16,19:12:59,4,6
2026-03-16,19:17:31,5,5
2026-03-16,19:18:02,5,5
2026-03-16,19:22:35,5,5
2026-03-16,19:23:06,5,5
2026-03-16,19:27:38,5,5
2026-03-16,19:28:09,5,5
2026-03-16,19:32:41,5,5
2026-03-16,19:33:12,5,5
2026-03-16,19:38:15,5,5
2026-03-16,19:42:48,5,5
2026-03-16,19:47:51,5,5
2026-03-16,19:48:21,5,5
2026-03-16,19:52:53,5,5
2026-03-16,19:53:24,5,5
2026-03-16,19:57:56,5,5
2026-03-16,19:58:26,5,5
2026-03-16,20:02:59,5,5
2026-03-16,20:03:29,5,5
2026-03-16,20:08:02,5,5
2026-03-16,20:08:31,5,5
2026-03-16,20:13:05,5,5
2026-03-16,20:13:33,5,5
2026-03-16,20:18:07,5,5
2026-03-16,20:23:10,5,5
2026-03-16,20:23:38,5,5
2026-03-16,20:28:12,5,5
2026-03-16,20:28:41,5,5
2026-03-16,20:33:15,5,5
2026-03-16,20:33:44,5,5
2026-03-16,20:38:18,5,5
2026-03-16,20:38:47,5,5
2026-03-16,20:43:21,5,5
2026-03-16,20:43:50,5,5
2026-03-17,08:33:03,1,9
2026-03-17,08:33:32,1,9
2026-03-17,08:38:07,3,7
2026-03-17,08:38:35,3,7
2026-03-17,08:43:10,3,7
2026-03-17,08:43:38,3,7
2026-03-17,08:48:13,3,7
2026-03-17,08:48:41,3,7
2026-03-17,08:53:17,3,7
2026-03-17,08:53:44,3,7
2026-03-17,08:58:20,3,7
2026-03-17,08:58:48,3,7
2026-03-17,09:03:24,3,7
2026-03-17,09:03:51,3,7
2026-03-17,09:08:27,3,7
2026-03-17,09:08:54,3,7
2026-03-17,09:13:31,3,7
2026-03-17,09:13:58,3,7
2026-03-17,09:18:34,3,7
2026-03-17,09:19:01,3,7
2026-03-17,09:23:37,3,7
2026-03-17,09:24:04,3,7
2026-03-17,09:28:40,3,7
2026-03-17,09:29:07,3,7
2026-03-17,09:33:44,3,7
2026-03-17,09:34:11,3,7
2026-03-17,09:38:47,3,7
2026-03-17,09:39:14,3,7
2026-03-17,09:43:51,3,7
2026-03-17,09:48:54,3,7
2026-03-17,09:49:21,3,7
2026-03-17,09:53:57,3,7
2026-03-17,09:54:24,3,7
2026-03-17,09:59:00,3,7
2026-03-17,09:59:27,3,7
2026-03-17,10:04:04,3,7
2026-03-17,10:04:30,3,7
2026-03-17,10:09:07,4,6
2026-03-17,10:09:34,4,6
2026-03-17,10:14:10,4,6
2026-03-17,10:14:37,4,6
2026-03-17,10:19:14,4,6
2026-03-17,10:19:40,4,6
2026-03-17,10:24:17,4,6
2026-03-17,10:24:43,4,6
2026-03-17,10:29:20,4,6
2026-03-17,10:29:46,4,6
2026-03-17,10:34:24,4,6
2026-03-17,10:34:50,4,6
2026-03-17,10:39:53,5,5
2026-03-17,10:44:30,5,5
2026-03-17,10:44:56,5,5
2026-03-17,10:49:33,5,5
2026-03-17,10:49:59,5,5
2026-03-17,10:54:36,5,5
2026-03-17,10:55:02,5,5
2026-03-17,10:59:39,5,5
2026-03-17,11:00:05,5,5
2026-03-17,11:04:43,4,6
2026-03-17,11:05:08,4,6
2026-03-17,11:09:47,4,6
2026-03-17,11:10:11,4,6
2026-03-17,11:14:51,4,6
2026-03-17,11:15:15,4,6
2026-03-17,11:19:54,2,8
2026-03-17,11:20:18,2,8
2026-03-17,11:24:57,2,8
2026-03-17,11:25:21,2,8
2026-03-17,11:30:01,2,8
2026-03-17,11:30:24,2,8
2026-03-17,11:35:28,2,8
2026-03-17,11:40:07,2,8
2026-03-17,11:40:31,2,8
2026-03-17,11:45:10,2,8
2026-03-17,11:45:35,2,8
2026-03-17,11:50:14,2,8
2026-03-17,11:50:38,2,8
2026-03-17,11:55:17,2,8
2026-03-17,11:55:41,2,8
2026-03-17,12:00:21,2,8
2026-03-17,12:00:44,2,8
2026-03-17,12:05:24,2,8
2026-03-17,12:05:48,2,8
2026-03-17,12:10:51,2,8
2026-03-17,12:15:55,2,8
2026-03-17,12:20:34,2,8
2026-03-17,12:20:58,2,8
2026-03-17,12:25:37,2,8
2026-03-17,12:26:01,2,8
2026-03-17,12:30:42,2,8
2026-03-17,12:31:04,2,8
2026-03-17,12:35:45,2,8
2026-03-17,12:36:08,2,8
2026-03-17,12:40:49,2,8
2026-03-17,12:41:11,2,8
2026-03-17,12:45:52,2,8
2026-03-17,12:46:14,2,8
2026-03-17,12:50:55,2,8
2026-03-17,12:51:17,2,8
2026-03-17,12:55:58,2,8
2026-03-17,12:56:20,2,8
2026-03-17,13:01:01,2,8
2026-03-17,13:01:24,2,8
2026-03-17,13:06:05,2,8
2026-03-17,13:06:27,2,8
2026-03-17,13:11:08,1,9
2026-03-17,13:11:30,1,9
2026-03-17,13:16:11,1,9
2026-03-17,13:16:33,1,9
2026-03-17,13:21:36,1,9
2026-03-17,13:26:39,1,9
2026-03-17,13:31:20,1,9
2026-03-17,13:31:42,1,9
2026-03-17,13:36:24,1,9
2026-03-17,13:36:45,1,9
2026-03-17,13:41:27,1,9
2026-03-17,13:41:48,1,9
2026-03-17,13:46:31,1,9
2026-03-17,13:46:51,1,9
2026-03-17,13:51:35,1,9
2026-03-17,13:51:54,1,9
2026-03-17,13:56:38,2,8
2026-03-17,13:56:57,2,8
2026-03-17,14:01:43,3,7
2026-03-17,14:02:00,3,7
2026-03-17,14:06:46,3,7
2026-03-17,14:07:04,3,7
2026-03-17,14:11:49,3,7
2026-03-17,14:12:07,3,7
2026-03-17,14:16:52,3,7
2026-03-17,14:17:10,3,7
2026-03-17,14:22:14,3,7
2026-03-17,14:26:59,3,7
2026-03-17,14:27:17,3,7
2026-03-17,14:32:02,3,7
2026-03-17,14:32:21,3,7
2026-03-17,14:37:06,3,7
2026-03-17,14:37:24,3,7
2026-03-17,14:42:09,3,7
2026-03-17,14:42:27,3,7
2026-03-17,14:47:12,3,7
2026-03-17,14:47:30,3,7
2026-03-17,14:52:16,3,7
2026-03-17,14:52:34,3,7
2026-03-17,14:57:20,3,7
2026-03-17,14:57:37,3,7
2026-03-17,15:02:23,3,7
2026-03-17,15:02:42,3,7
2026-03-17,15:07:27,3,7
2026-03-17,15:07:46,3,7
2026-03-17,15:12:31,5,5
2026-03-17,15:17:34,5,5
2026-03-17,15:17:52,5,5
2026-03-17,15:22:37,5,5
2026-03-17,15:22:56,5,5
2026-03-17,15:27:41,5,5
2026-03-17,15:27:59,5,5
2026-03-17,15:32:44,4,6
2026-03-17,15:33:02,4,6
2026-03-17,15:37:47,4,6
2026-03-17,15:38:05,4,6
2026-03-17,15:42:51,4,6
2026-03-17,15:43:09,4,6
2026-03-17,15:47:54,4,6
2026-03-17,15:48:12,4,6
2026-03-17,15:52:57,4,6
2026-03-17,15:58:01,4,6
2026-03-17,15:58:18,4,6
2026-03-17,16:03:04,4,6
2026-03-17,16:03:22,4,6
2026-03-17,16:08:08,4,6
2026-03-17,16:08:25,4,6
2026-03-17,16:13:12,4,6
2026-03-17,16:13:29,4,6
2026-03-17,16:18:15,4,6
2026-03-17,16:18:32,4,6
2026-03-17,16:23:17,4,6
2026-03-17,16:23:34,4,6
2026-03-17,16:28:37,4,6
2026-03-17,16:33:23,4,6
2026-03-17,16:38:25,5,5
2026-03-17,16:38:41,5,5
2026-03-17,16:43:28,5,5
2026-03-17,16:48:46,5,5
2026-03-17,16:53:34,5,5
2026-03-17,16:53:49,5,5
2026-03-17,16:58:38,5,5
2026-03-17,16:58:53,5,5
2026-03-17,17:03:41,5,5
2026-03-17,17:03:55,5,5
2026-03-17,17:08:44,3,7
2026-03-17,17:08:59,3,7
2026-03-17,17:14:02,4,6
2026-03-17,17:18:51,4,6
2026-03-17,17:19:06,4,6
2026-03-17,17:23:55,4,6
2026-03-17,17:24:09,4,6
2026-03-17,17:28:59,4,6
2026-03-17,17:29:13,4,6
2026-03-17,17:34:02,4,6
2026-03-17,17:34:16,4,6
2026-03-17,17:39:05,4,6
2026-03-17,17:39:19,4,6
2026-03-17,17:44:09,4,6
2026-03-17,17:44:23,4,6
2026-03-17,17:49:13,4,6
2026-03-17,17:49:26,4,6
2026-03-17,17:54:16,4,6
2026-03-17,17:54:29,4,6
2026-03-17,17:59:19,4,6
2026-03-17,18:04:23,4,6
2026-03-17,18:04:35,4,6
2026-03-17,18:09:26,4,6
2026-03-17,18:09:39,4,6
2026-03-17,18:14:30,4,6
2026-03-17,18:14:41,4,6
2026-03-17,18:19:32,4,6
2026-03-17,18:19:44,4,6
2026-03-17,18:24:35,4,6
2026-03-17,18:24:47,4,6
2026-03-17,18:29:38,4,6
2026-03-17,18:29:50,4,6
2026-03-17,18:34:42,4,6
2026-03-17,18:34:53,4,6
2026-03-17,18:39:45,4,6
2026-03-17,18:39:56,4,6
2026-03-17,18:44:49,4,6
2026-03-17,18:44:59,4,6
2026-03-17,18:50:03,4,6
2026-03-17,18:54:55,5,5
2026-03-17,18:59:59,5,5
2026-03-17,19:00:09,5,5
2026-03-17,19:05:01,4,6
2026-03-17,19:05:11,4,6
2026-03-17,19:10:04,4,6
2026-03-17,19:10:13,4,6
2026-03-17,19:15:07,4,6
2026-03-17,19:15:16,4,6
2026-03-17,19:20:10,4,6
2026-03-17,19:20:18,4,6
2026-03-17,19:25:12,4,6
2026-03-17,19:25:21,4,6
2026-03-17,19:30:14,4,6
2026-03-17,19:30:24,4,6
2026-03-17,19:35:17,5,5
2026-03-17,19:35:26,5,5
2026-03-17,19:40:20,5,5
2026-03-17,19:40:29,5,5
2026-03-17,19:45:23,5,5
2026-03-17,19:45:31,5,5
2026-03-17,19:50:26,5,5
2026-03-17,19:50:35,5,5
2026-03-17,19:55:30,5,5
2026-03-17,19:55:38,5,5
2026-03-17,20:00:33,5,5
2026-03-17,20:00:41,5,5
2026-03-17,20:05:36,5,5
2026-03-17,20:10:40,5,5
2026-03-17,20:10:47,5,5
2026-03-17,20:15:44,3,7
2026-03-17,20:15:50,3,7
2026-03-17,20:20:47,3,7
2026-03-17,20:20:53,3,7
2026-03-17,20:25:51,3,7
2026-03-17,20:25:57,3,7
2026-03-17,20:30:54,3,7
2026-03-17,20:35:58,3,7
2026-03-17,20:41:00,3,7
2026-03-17,20:41:04,3,7
2026-03-17,20:46:03,3,7
2026-03-18,08:03:41,1,9
2026-03-18,08:03:42,1,9
2026-03-18,08:08:45,1,9
2026-03-18,08:08:47,1,9
2026-03-18,08:13:50,1,9
2026-03-18,08:18:52,1,9
2026-03-18,08:23:56,1,9
2026-03-18,08:23:56,1,9
2026-03-18,08:29:01,3,7
2026-03-18,08:34:02,3,7
2026-03-18,08:34:05,3,7
2026-03-18,08:39:06,3,7
2026-03-18,08:39:08,3,7
2026-03-18,08:44:11,3,7
2026-03-18,08:49:13,3,7
2026-03-18,08:49:14,3,7
2026-03-18,08:54:17,3,7
2026-03-18,08:54:17,3,7
2026-03-18,08:59:21,4,6
2026-03-18,08:59:21,4,6
2026-03-18,09:04:24,4,6
2026-03-18,09:04:24,4,6
2026-03-18,09:09:29,4,6
2026-03-18,09:09:29,4,6
2026-03-18,09:14:34,4,6
2026-03-18,09:14:34,4,6
2026-03-18,09:19:37,4,6
2026-03-18,09:19:38,4,6
2026-03-18,09:24:41,4,6
2026-03-18,09:24:41,4,6
2026-03-18,09:29:45,5,5
2026-03-18,09:34:47,5,5
2026-03-18,09:34:48,5,5
2026-03-18,09:39:52,5,5
2026-03-18,09:39:52,5,5
2026-03-18,09:44:55,6,4
2026-03-18,09:44:56,6,4
2026-03-18,09:49:59,5,5
2026-03-18,09:49:59,5,5
2026-03-18,09:55:03,5,5
2026-03-18,09:55:03,5,5
2026-03-18,10:00:07,5,5
2026-03-18,10:00:07,5,5
2026-03-18,10:05:11,5,5
2026-03-18,10:05:11,5,5
2026-03-18,10:10:15,5,5
2026-03-18,10:10:16,5,5
2026-03-18,10:15:19,5,5
2026-03-18,10:15:20,5,5
2026-03-18,10:20:23,5,5
2026-03-18,10:20:24,5,5
2026-03-18,10:25:27,5,5
2026-03-18,10:25:27,5,5
2026-03-18,10:30:30,5,5
2026-03-18,10:30:31,5,5
2026-03-18,10:35:34,5,5
2026-03-18,10:35:34,5,5
2026-03-18,10:40:38,5,5
2026-03-18,10:40:38,5,5
2026-03-18,10:45:42,5,5
2026-03-18,10:50:46,5,5
2026-03-18,10:50:46,5,5
2026-03-18,10:55:49,5,5
2026-03-18,10:55:50,5,5
2026-03-18,11:00:53,5,5
2026-03-18,11:00:53,5,5
2026-03-18,11:05:56,4,6
2026-03-18,11:05:57,4,6
2026-03-18,11:11:00,4,6
2026-03-18,11:11:00,4,6
2026-03-18,11:16:04,4,6
2026-03-18,11:16:04,4,6
2026-03-18,11:21:08,4,6
2026-03-18,11:26:12,3,7
2026-03-18,11:26:12,3,7
2026-03-18,11:31:16,3,7
2026-03-18,11:31:16,3,7
2026-03-18,11:36:20,3,7
2026-03-18,11:36:19,3,7
2026-03-18,11:41:23,3,7
2026-03-18,11:41:23,3,7
2026-03-18,11:46:27,3,7
2026-03-18,11:46:27,3,7
2026-03-18,11:51:31,3,7
2026-03-18,11:56:35,3,7
2026-03-18,11:56:35,3,7
2026-03-18,12:01:39,3,7
2026-03-18,12:01:39,3,7
2026-03-18,12:06:43,3,7
2026-03-18,12:06:43,3,7
2026-03-18,12:11:47,3,7
2026-03-18,12:11:47,3,7
2026-03-18,12:16:51,3,7
2026-03-18,12:16:51,3,7
2026-03-18,12:21:55,4,6
2026-03-18,12:21:55,4,6
2026-03-18,12:26:59,4,6
2026-03-18,12:26:59,4,6
2026-03-18,12:32:02,3,7
2026-03-18,12:32:02,3,7
2026-03-18,12:37:06,3,7
2026-03-18,12:37:07,3,7
2026-03-18,12:42:10,3,7
2026-03-18,12:42:10,3,7
2026-03-18,12:47:14,3,7
2026-03-18,12:47:14,3,7
2026-03-18,12:52:17,3,7
2026-03-18,12:52:18,3,7
2026-03-18,12:57:21,4,6
2026-03-18,12:57:21,4,6
2026-03-18,13:02:25,4,6
2026-03-18,13:02:25,4,6
2026-03-18,13:07:29,4,6
2026-03-18,13:07:28,4,6
2026-03-18,13:12:33,4,6
2026-03-18,13:12:33,4,6
2026-03-18,13:17:37,3,7
2026-03-18,13:17:37,3,7
2026-03-18,13:22:40,3,7
2026-03-18,13:27:44,3,7
2026-03-18,13:27:44,3,7
2026-03-18,13:32:48,3,7
2026-03-18,13:32:48,3,7
2026-03-18,13:37:51,3,7
2026-03-18,13:37:51,3,7
2026-03-18,13:42:55,3,7
2026-03-18,13:42:55,3,7
2026-03-18,13:48:00,3,7
2026-03-18,13:47:59,3,7
2026-03-18,13:53:03,3,7
2026-03-18,13:53:03,3,7
2026-03-18,13:58:07,3,7
2026-03-18,14:03:10,3,7
2026-03-18,14:03:11,3,7
2026-03-18,14:08:14,3,7
2026-03-18,14:08:14,3,7
2026-03-18,14:13:17,3,7
2026-03-18,14:13:17,3,7
2026-03-18,14:18:22,3,7
2026-03-18,14:18:22,3,7
2026-03-18,14:23:26,3,7
2026-03-18,14:23:26,3,7
2026-03-18,14:28:29,4,6
2026-03-18,14:28:29,4,6
2026-03-18,14:33:33,4,6
2026-03-18,14:38:37,4,6
2026-03-18,14:43:40,4,6
2026-03-18,14:43:40,4,6
2026-03-18,14:48:43,4,6
2026-03-18,14:48:44,4,6
2026-03-18,14:53:49,4,6
2026-03-18,14:53:49,4,6
2026-03-18,14:58:53,4,6
2026-03-18,14:58:53,4,6
2026-03-18,15:03:56,4,6
2026-03-18,15:03:56,4,6
2026-03-18,15:09:01,3,7
2026-03-18,15:09:00,3,7
2026-03-18,15:14:04,2,8
2026-03-18,15:14:04,2,8
2026-03-18,15:19:08,2,8
2026-03-18,15:19:08,2,8
2026-03-18,15:24:13,2,8
2026-03-18,15:24:13,2,8
2026-03-18,15:29:17,2,8
2026-03-18,15:29:17,2,8
2026-03-18,15:34:21,2,8
2026-03-18,15:34:20,2,8
2026-03-18,15:39:24,2,8
2026-03-18,15:39:25,2,8
2026-03-18,15:44:28,2,8
2026-03-18,15:44:28,2,8
2026-03-18,15:49:33,3,7
2026-03-18,15:49:33,3,7
2026-03-18,15:54:37,3,7
2026-03-18,15:54:37,3,7
2026-03-18,15:59:40,3,7
2026-03-18,15:59:41,3,7
2026-03-18,16:04:44,2,8
2026-03-18,16:04:45,2,8
2026-03-18,16:09:49,2,8
2026-03-18,16:09:49,2,8
2026-03-18,16:14:53,2,8
2026-03-18,16:14:53,2,8
2026-03-18,16:19:57,2,8
2026-03-18,16:19:57,2,8
2026-03-18,16:25:01,2,8
2026-03-18,16:25:01,2,8
2026-03-18,16:30:05,2,8
2026-03-18,16:30:05,2,8
2026-03-18,16:35:09,2,8
2026-03-18,16:35:09,2,8
2026-03-18,16:40:13,2,8
2026-03-18,16:40:13,2,8
2026-03-18,16:45:17,2,8
2026-03-18,16:45:17,2,8
2026-03-18,16:50:22,2,8
2026-03-18,16:50:22,2,8
2026-03-18,16:55:25,4,6
2026-03-18,16:55:25,4,6
2026-03-18,17:00:29,4,6
2026-03-18,17:00:29,4,6
2026-03-18,17:05:33,5,5
2026-03-18,17:05:33,5,5
2026-03-18,17:10:37,5,5
2026-03-18,17:10:37,5,5
2026-03-18,17:15:40,5,5
2026-03-18,17:15:41,5,5
2026-03-18,17:20:44,4,6
2026-03-18,17:20:45,4,6
2026-03-18,17:25:48,4,6
2026-03-18,17:25:49,4,6
2026-03-18,17:30:52,4,6
2026-03-18,17:30:52,4,6
2026-03-18,17:35:56,4,6
2026-03-18,17:35:56,4,6
2026-03-18,17:41:00,4,6
2026-03-18,17:41:00,4,6
2026-03-18,17:46:04,4,6
2026-03-18,17:46:04,4,6
2026-03-18,17:51:07,4,6
2026-03-18,17:51:08,4,6
2026-03-18,17:56:11,4,6
2026-03-18,17:56:12,4,6
2026-03-18,18:01:16,4,6
2026-03-18,18:01:16,4,6
2026-03-18,18:06:20,4,6
2026-03-18,18:06:20,4,6
2026-03-18,18:11:24,4,6
2026-03-18,18:11:24,4,6
2026-03-18,18:16:29,4,6
2026-03-18,18:21:33,4,6
2026-03-18,18:21:33,4,6
2026-03-18,18:26:37,5,5
2026-03-18,18:26:37,5,5
2026-03-18,18:31:41,6,4
2026-03-18,18:31:41,6,4
2026-03-18,18:36:45,6,4
2026-03-18,18:36:45,6,4
2026-03-18,18:41:49,6,4
2026-03-18,18:46:53,6,4
2026-03-18,18:46:53,6,4
2026-03-18,18:51:57,6,4
2026-03-18,18:51:57,6,4
2026-03-18,18:57:01,6,4
2026-03-18,18:57:01,6,4
2026-03-18,19:02:04,6,4
2026-03-18,19:02:04,6,4
2026-03-18,19:07:09,5,5
2026-03-18,19:07:09,5,5
2026-03-18,19:12:15,5,5
2026-03-18,19:17:19,6,4
2026-03-18,19:17:19,6,4
2026-03-18,19:22:23,6,4
2026-03-18,19:22:23,6,4
2026-03-18,19:27:27,6,4
2026-03-18,19:27:27,6,4
2026-03-18,19:32:31,6,4
2026-03-18,19:37:36,6,4
2026-03-18,19:37:35,6,4
2026-03-18,19:42:40,6,4
2026-03-18,19:42:40,6,4
2026-03-18,19:47:44,6,4
2026-03-18,19:47:43,6,4
2026-03-18,19:52:47,6,4
2026-03-18,19:52:47,6,4
2026-03-18,19:57:50,6,4
2026-03-18,19:57:50,6,4
2026-03-18,20:02:55,6,4
2026-03-18,20:07:59,6,4
2026-03-18,20:07:59,6,4
2026-03-18,20:13:03,6,4
2026-03-18,20:13:04,6,4
2026-03-18,20:18:06,4,6
2026-03-18,20:18:07,4,6
2026-03-18,20:23:10,3,7
2026-03-18,20:23:10,3,7
2026-03-18,20:28:14,3,7
2026-03-18,20:33:17,3,7
2026-03-18,20:33:17,3,7
2026-03-18,20:38:21,3,7
2026-03-18,20:38:20,3,7
2026-03-18,20:43:24,3,7
2026-03-18,20:43:24,3,7
2026-03-19,11:49:34,1,9
2026-03-19,11:49:35,1,9
2026-03-19,11:54:37,0,10
2026-03-19,11:54:38,0,10
2026-03-19,11:59:40,0,10
2026-03-19,11:59:41,0,10
2026-03-19,12:04:43,0,10
2026-03-19,12:04:43,0,10
2026-03-19,12:09:46,0,10
2026-03-19,12:09:46,0,10
2026-03-19,12:14:49,0,10
2026-03-19,12:14:49,0,10
2026-03-19,12:19:53,0,10
2026-03-19,12:19:53,0,10
2026-03-19,12:24:56,0,10
2026-03-19,12:24:55,0,10
2026-03-19,12:29:59,0,10
2026-03-19,12:29:59,0,10
2026-03-19,12:35:03,0,10
2026-03-19,12:35:03,0,10
2026-03-19,12:40:07,0,10
2026-03-19,12:40:07,0,10
2026-03-19,12:45:11,0,10
2026-03-19,12:45:10,0,10
2026-03-19,12:50:15,1,9
2026-03-19,12:50:15,1,9
2026-03-19,12:55:18,2,8
2026-03-19,12:55:19,2,8
2026-03-19,13:00:22,2,8
2026-03-19,13:00:22,2,8
2026-03-19,13:05:26,2,8
2026-03-19,13:05:26,2,8
2026-03-19,13:10:30,3,7
2026-03-19,13:10:31,3,7
2026-03-19,13:15:34,3,7
2026-03-19,13:15:34,3,7
2026-03-19,13:20:37,3,7
2026-03-19,13:20:37,3,7
2026-03-19,13:25:41,3,7
2026-03-19,13:25:40,3,7
2026-03-19,13:30:43,3,7
2026-03-19,13:30:44,3,7
2026-03-19,13:35:46,3,7
2026-03-19,13:35:46,3,7
2026-03-19,13:40:50,3,7
2026-03-19,13:40:50,3,7
2026-03-19,13:45:53,3,7
2026-03-19,13:45:53,3,7
2026-03-19,13:50:57,3,7
2026-03-19,13:50:57,3,7
2026-03-19,13:56:01,3,7
2026-03-19,13:56:01,3,7
2026-03-19,14:01:05,3,7
2026-03-19,14:01:05,3,7
2026-03-19,14:06:09,4,6
2026-03-19,14:06:09,4,6
2026-03-19,14:11:13,4,6
2026-03-19,14:11:13,4,6
2026-03-19,14:16:17,4,6
2026-03-19,14:16:17,4,6
2026-03-19,14:21:21,4,6
2026-03-19,14:21:21,4,6
2026-03-19,14:26:25,4,6
2026-03-19,14:31:29,4,6
2026-03-19,14:31:29,4,6
2026-03-19,14:36:33,4,6
2026-03-19,14:36:33,4,6
2026-03-19,14:41:36,4,6
2026-03-19,14:41:37,4,6
2026-03-19,14:46:40,4,6
2026-03-19,14:46:40,4,6
2026-03-19,14:51:44,4,6
2026-03-19,14:51:44,4,6
2026-03-19,14:56:48,4,6
2026-03-19,14:56:48,4,6
2026-03-19,15:01:53,4,6
2026-03-19,15:01:53,4,6
2026-03-19,15:06:57,4,6
2026-03-19,15:06:57,4,6
2026-03-19,15:12:01,4,6
2026-03-19,15:12:01,4,6
2026-03-19,15:17:06,3,7
2026-03-19,15:17:06,3,7
2026-03-19,15:22:10,3,7
2026-03-19,15:22:10,3,7
2026-03-19,15:27:14,3,7
2026-03-19,15:27:14,3,7
2026-03-19,15:32:18,4,6
2026-03-19,15:32:18,4,6
2026-03-19,15:37:21,4,6
2026-03-19,15:37:22,4,6
2026-03-19,15:42:25,3,7
2026-03-19,15:42:25,3,7
2026-03-19,15:47:28,3,7
2026-03-19,15:47:28,3,7
2026-03-19,15:52:32,3,7
2026-03-19,15:52:32,3,7
2026-03-19,15:57:35,3,7
2026-03-19,15:57:35,3,7
2026-03-19,16:02:38,3,7
2026-03-19,16:02:38,3,7
2026-03-19,16:07:41,2,8
2026-03-19,16:07:41,2,8
2026-03-19,16:12:44,3,7
2026-03-19,16:12:43,3,7
2026-03-19,16:17:47,3,7
2026-03-19,16:17:47,3,7
2026-03-19,16:22:51,3,7
2026-03-19,16:22:51,3,7
2026-03-19,16:27:55,3,7
2026-03-19,16:32:58,3,7
2026-03-19,16:32:58,3,7
2026-03-19,16:38:01,3,7
2026-03-19,16:41:26,3,7
2026-03-19,16:56:31,3,7
2026-03-19,17:11:36,3,7
2026-03-19,17:26:43,3,7
2026-03-19,17:41:48,3,7
2026-03-19,17:56:54,2,8
2026-03-19,18:12:02,1,9
2026-03-19,18:27:10,1,9
2026-03-19,18:42:18,0,10
2026-03-19,18:57:26,0,10
2026-03-19,19:12:33,1,9
2026-03-19,19:27:41,1,9
2026-03-19,19:42:48,1,9
2026-03-19,19:57:55,1,9
2026-03-19,20:13:00,1,9
2026-03-19,20:28:06,1,9
2026-03-19,20:43:14,1,9
2026-03-20,11:54:17,2,8
2026-03-20,12:09:24,2,8
2026-03-20,12:24:31,2,8
2026-03-20,12:39:39,2,8
2026-03-20,12:54:46,2,8
2026-03-20,13:09:53,2,8
2026-03-20,13:25:01,2,8
2026-03-20,13:40:08,2,8
2026-03-20,13:55:15,2,8
2026-03-20,14:10:22,1,9
2026-03-20,14:25:29,1,9
2026-03-20,14:40:36,1,9
2026-03-20,14:55:43,1,9
2026-03-20,15:10:49,1,9
2026-03-20,15:25:56,3,7
2026-03-20,15:41:03,3,7
2026-03-20,15:56:11,3,7
2026-03-20,16:11:18,3,7
2026-03-20,16:26:25,3,7
2026-03-20,16:41:32,4,6
2026-03-20,16:56:39,4,6
2026-03-20,17:11:46,3,7
2026-03-20,17:41:59,1,9
2026-03-20,17:57:06,4,6
2026-03-20,18:12:13,4,6
2026-03-20,18:27:21,5,5
2026-03-20,18:42:28,5,5
2026-03-20,18:57:35,5,5
2026-03-20,19:12:43,4,6
2026-03-20,19:27:48,6,4
2026-03-20,19:42:53,6,4
2026-03-20,19:58:01,6,4
2026-03-20,20:13:08,7,3
2026-03-20,20:28:14,5,5
2026-03-20,20:43:19,5,5
2026-03-21,08:49:48,0,10
2026-03-21,09:04:55,0,10
2026-03-21,09:20:01,0,10
2026-03-21,09:35:07,0,10
2026-03-21,09:50:12,0,10
2026-03-21,10:05:18,0,10
2026-03-21,10:20:24,0,10
2026-03-21,10:50:35,0,10
2026-03-21,11:05:40,0,10
2026-03-21,11:20:45,0,10
2026-03-21,11:35:50,0,10
2026-03-21,11:50:57,0,10
2026-03-21,12:06:04,0,10
2026-03-21,12:21:10,0,10
2026-03-21,12:36:17,0,10
2026-03-21,12:51:24,0,10
2026-03-21,13:06:31,0,10
2026-03-21,13:21:37,0,10
2026-03-21,13:36:41,0,10
2026-03-21,13:51:46,0,10
2026-03-21,13:57:18,0,10
2026-03-21,14:06:51,0,10
2026-03-21,14:12:24,0,10
2026-03-21,14:21:58,0,10
2026-03-21,14:27:31,0,10
2026-03-21,14:37:05,0,10
2026-03-21,14:42:38,0,10
2026-03-21,14:52:12,0,10
2026-03-21,14:57:45,0,10
2026-03-21,15:07:18,0,10
2026-03-21,15:12:51,0,10
2026-03-21,15:22:24,0,10
2026-03-21,15:27:57,0,10
2026-03-21,15:37:31,1,9
2026-03-21,15:43:04,1,9
2026-03-22,08:56:52,0,10
2026-03-22,09:06:41,1,9
2026-03-22,09:12:00,1,9
2026-03-22,09:21:48,1,9
2026-03-22,09:27:07,1,9
2026-03-22,09:36:55,1,9
2026-03-22,09:42:14,1,9
2026-03-22,09:52:02,1,9
2026-03-22,09:57:21,1,9
2026-03-22,10:12:28,5,5
2026-03-22,10:22:16,5,5
2026-03-22,10:27:35,5,5
2026-03-22,10:37:22,5,5
2026-03-22,10:42:40,5,5
2026-03-22,10:52:28,5,5
2026-03-22,10:57:45,5,5
2026-03-22,11:07:32,5,5
2026-03-22,11:12:50,5,5
2026-03-22,11:22:37,5,5
2026-03-22,11:27:55,5,5
2026-03-22,11:43:02,6,4
2026-03-22,11:52:49,6,4
2026-03-22,11:58:08,7,3
2026-03-22,12:07:55,7,3
2026-03-22,12:13:13,7,3
2026-03-22,12:23:02,7,3
2026-03-22,12:28:20,7,3
2026-03-22,12:38:08,7,3
2026-03-22,12:43:27,7,3
2026-03-22,12:53:15,7,3
2026-03-22,12:58:34,7,3
2026-03-22,13:08:22,7,3
2026-03-22,13:13:41,7,3
2026-03-22,13:23:29,8,2
2026-03-22,13:28:48,8,2
2026-03-22,13:38:34,8,2
2026-03-22,13:43:53,8,2
2026-03-22,13:53:40,8,2
2026-03-22,13:58:59,8,2
2026-03-22,14:08:47,8,2
2026-03-22,14:14:07,6,4
2026-03-22,14:23:54,5,5
2026-03-22,14:29:14,5,5
2026-03-22,14:39:02,5,5
2026-03-22,14:44:20,5,5
2026-03-22,14:54:09,5,5
2026-03-22,14:59:25,5,5
2026-03-22,15:09:14,5,5
2026-03-22,15:14:31,5,5
2026-03-22,15:22:35,5,5
2026-03-22,15:37:42,7,3
2026-03-23,12:07:56,1,9
2026-03-23,12:10:52,1,9
2026-03-23,12:23:03,1,9
2026-03-23,12:26:00,1,9
2026-03-23,12:38:10,1,9
2026-03-23,12:41:07,1,9
2026-03-23,12:56:15,1,9
2026-03-23,13:08:25,1,9
2026-03-23,13:11:22,1,9
2026-03-23,13:23:33,1,9
2026-03-23,13:26:30,1,9
2026-03-23,13:38:40,1,9
2026-03-23,13:41:37,1,9
2026-03-23,13:53:47,2,8
2026-03-23,13:56:44,2,8
2026-03-23,14:08:54,2,8
2026-03-23,14:11:51,2,8
2026-03-23,14:24:02,2,8
2026-03-23,14:26:59,2,8
2026-03-23,14:39:10,2,8
2026-03-23,14:42:07,2,8
2026-03-23,14:54:17,2,8
2026-03-23,14:57:14,2,8
2026-03-23,15:09:25,1,9
2026-03-23,15:12:21,1,9
2026-03-23,15:24:32,1,9
2026-03-23,15:27:28,1,9
2026-03-23,15:39:39,1,9
2026-03-23,15:42:35,1,9
2026-03-23,15:54:46,2,8
2026-03-23,15:57:42,2,8
2026-03-23,16:09:53,2,8
2026-03-23,16:12:48,4,6
2026-03-23,16:25:00,3,7
2026-03-23,16:27:55,3,7
2026-03-23,16:40:07,4,6
2026-03-23,16:43:03,4,6
2026-03-23,16:55:14,4,6
2026-03-23,16:58:10,4,6
2026-03-23,17:10:21,6,4
2026-03-23,17:13:16,6,4
2026-03-23,17:25:28,6,4
2026-03-23,17:28:24,6,4
2026-03-23,17:40:35,6,4
2026-03-23,17:43:31,6,4
2026-03-23,17:55:42,9,1
2026-03-23,17:58:38,9,1
2026-03-23,18:10:50,10,0
2026-03-23,18:13:45,10,0
2026-03-23,18:25:58,10,0
2026-03-23,18:28:52,10,0
2026-03-23,18:41:05,10,0
2026-03-23,18:44:00,8,2
2026-03-23,18:56:12,8,2
2026-03-23,18:59:07,8,2
2026-03-23,19:11:19,9,1
2026-03-23,19:26:26,7,3
2026-03-23,19:29:21,7,3
2026-03-23,19:41:33,6,4
2026-03-23,19:44:28,6,4
2026-03-23,19:56:39,5,5
2026-03-23,19:59:33,5,5
2026-03-23,20:11:46,5,5
2026-03-23,20:14:40,5,5
2026-03-23,20:26:53,3,7
2026-03-23,20:29:47,2,8
2026-03-23,20:42:01,1,9
2026-03-23,20:44:55,1,9
2026-03-24,08:02:21,0,10
2026-03-24,08:04:58,0,10
2026-03-24,08:20:05,0,10
2026-03-24,08:32:42,0,10
2026-03-24,08:35:11,1,9
2026-03-24,08:47:49,1,9
2026-03-24,08:50:18,1,9
2026-03-24,09:02:56,1,9
2026-03-24,09:05:25,1,9
2026-03-24,09:18:03,1,9
2026-03-24,09:20:32,1,9
2026-03-24,09:33:10,2,8
2026-03-24,09:35:39,2,8
2026-03-24,09:48:17,2,8
2026-03-24,09:50:46,2,8
2026-03-24,10:03:25,2,8
2026-03-24,10:05:53,2,8
2026-03-24,10:18:32,2,8
2026-03-24,10:21:00,2,8
2026-03-24,10:33:39,2,8
2026-03-24,10:36:07,2,8
2026-03-24,10:48:45,3,7
2026-03-24,10:51:14,3,7
2026-03-24,11:03:52,2,8
2026-03-24,11:19:00,2,8
2026-03-24,11:21:27,2,8
2026-03-24,11:34:07,2,8
2026-03-24,11:36:35,2,8
2026-03-24,11:49:14,2,8
2026-03-24,11:51:41,2,8
2026-03-24,12:04:21,2,8
2026-03-24,12:06:48,2,8
2026-03-24,12:21:55,2,8
2026-03-24,12:34:36,1,9
2026-03-24,12:37:02,1,9
2026-03-24,12:49:43,1,9
2026-03-24,12:52:09,1,9
2026-03-24,13:04:50,1,9
2026-03-24,13:07:16,1,9
2026-03-24,13:19:58,2,8
2026-03-24,13:22:23,2,8
2026-03-24,13:35:04,2,8
2026-03-24,13:37:30,2,8
2026-03-24,13:50:11,2,8
2026-03-24,13:52:38,2,8
2026-03-24,14:05:18,2,8
2026-03-24,14:07:44,2,8
2026-03-24,14:20:26,2,8
2026-03-24,14:22:52,2,8
2026-03-24,14:35:33,2,8
2026-03-24,14:37:59,2,8
2026-03-24,14:50:41,2,8
2026-03-24,14:53:06,2,8
2026-03-24,15:05:48,2,8
2026-03-24,15:08:13,2,8
2026-03-24,15:20:55,2,8
2026-03-24,15:23:20,2,8
2026-03-24,15:36:03,2,8
2026-03-24,15:38:27,2,8
2026-03-24,15:51:10,3,7
2026-03-24,15:53:33,3,7
2026-03-24,16:06:17,3,7
2026-03-24,16:08:41,3,7
2026-03-24,16:21:25,3,7
2026-03-24,16:23:48,3,7
2026-03-24,16:36:32,2,8
2026-03-24,16:38:55,2,8
2026-03-24,16:51:39,2,8
2026-03-24,16:54:02,2,8
2026-03-24,17:06:45,3,7
2026-03-24,17:09:09,3,7
2026-03-24,17:21:53,3,7
2026-03-24,17:24:17,3,7
2026-03-24,17:37:00,3,7
2026-03-24,17:39:24,3,7
2026-03-24,17:54:31,3,7
2026-03-24,18:09:38,3,7
2026-03-24,18:22:21,3,7
2026-03-24,18:24:45,3,7
2026-03-24,18:37:28,1,9
2026-03-24,18:39:53,1,9
2026-03-24,18:52:35,2,8
2026-03-24,18:54:59,2,8
2026-03-24,19:07:41,2,8
2026-03-24,19:10:05,2,8
2026-03-24,19:22:47,2,8
2026-03-24,19:25:10,2,8
2026-03-24,19:37:54,2,8
2026-03-24,19:40:16,2,8
2026-03-24,19:53:02,2,8
2026-03-24,19:55:23,2,8
2026-03-24,20:10:29,2,8
2026-03-24,20:23:13,2,8
2026-03-24,20:25:34,2,8
2026-03-24,20:38:19,2,8
2026-03-25,08:00:58,1,9
2026-03-25,08:13:42,3,7
2026-03-25,08:16:06,3,7
2026-03-25,08:28:50,3,7
2026-03-25,08:31:13,3,7
2026-03-25,08:43:57,3,7
2026-03-25,08:46:20,3,7
2026-03-25,08:59:04,3,7
2026-03-25,09:01:27,4,6
2026-03-25,09:14:10,5,5
2026-03-25,09:16:33,5,5
2026-03-25,09:29:15,5,5
2026-03-25,09:31:39,5,5
2026-03-25,09:44:22,5,5
2026-03-25,09:46:46,5,5
2026-03-25,09:59:29,5,5
2026-03-25,10:01:53,5,5
2026-03-25,10:14:36,5,5
2026-03-25,10:17:01,5,5
2026-03-25,10:29:43,5,5
2026-03-25,10:32:09,5,5
2026-03-25,10:44:51,4,6
2026-03-25,10:47:16,4,6
2026-03-25,10:59:58,4,6
2026-03-25,11:02:24,4,6
2026-03-25,11:15:06,4,6
2026-03-25,11:17:32,4,6
2026-03-25,11:30:13,4,6
2026-03-25,11:32:39,4,6
2026-03-25,11:47:46,4,6
2026-03-25,12:00:28,4,6
2026-03-25,12:02:54,4,6
2026-03-25,12:15:35,4,6
2026-03-25,12:18:01,4,6
2026-03-25,12:30:42,3,7
2026-03-25,12:33:09,3,7
2026-03-25,12:45:50,3,7
2026-03-25,12:48:16,3,7
2026-03-25,13:00:58,4,6
2026-03-25,13:03:24,4,6
2026-03-25,13:16:05,4,6
2026-03-25,13:18:32,4,6
2026-03-25,13:31:13,4,6
2026-03-25,13:33:42,4,6
2026-03-25,13:46:20,4,6
2026-03-25,13:48:49,4,6
2026-03-25,14:01:28,4,6
2026-03-25,14:03:57,4,6
2026-03-25,14:16:35,4,6
2026-03-25,14:19:05,5,5
2026-03-25,14:31:41,5,5
2026-03-25,14:34:13,5,5
2026-03-25,14:46:49,5,5
2026-03-25,14:49:20,5,5
2026-03-25,15:01:56,5,5
2026-03-25,15:04:27,5,5
2026-03-25,15:17:03,5,5
2026-03-25,15:19:36,5,5
2026-03-25,15:32:10,6,4
2026-03-25,15:34:43,6,4
2026-03-25,15:47:18,6,4
2026-03-25,15:49:50,6,4
2026-03-25,16:02:23,6,4
2026-03-25,16:04:55,6,4
2026-03-25,16:17:27,6,4
2026-03-25,16:20:02,6,4
2026-03-25,16:32:32,5,5
2026-03-25,16:35:06,5,5
2026-03-25,16:47:37,6,4
2026-03-25,16:50:11,6,4
2026-03-25,17:02:41,6,4
2026-03-25,17:05:16,5,5
2026-03-25,17:17:47,5,5
2026-03-25,17:20:22,5,5
2026-03-25,17:32:52,2,8
2026-03-25,17:35:27,2,8
2026-03-25,17:47:59,2,8
2026-03-25,17:50:34,2,8
2026-03-25,18:03:06,2,8
2026-03-25,18:05:41,2,8
2026-03-25,18:18:13,3,7
2026-03-25,18:20:48,3,7
2026-03-25,18:33:20,4,6
2026-03-25,18:35:55,4,6
2026-03-25,18:48:27,4,6
2026-03-25,18:51:02,4,6
2026-03-25,19:03:34,4,6
2026-03-25,19:06:10,5,5
2026-03-25,19:18:41,4,6
2026-03-25,19:21:17,4,6
2026-03-25,19:33:46,5,5
2026-03-25,19:36:23,5,5
2026-03-25,19:48:53,5,5
2026-03-25,19:51:29,5,5
2026-03-25,20:03:58,5,5
2026-03-25,20:06:34,5,5
2026-03-25,20:19:04,3,7
2026-03-25,20:21:42,3,7
2026-03-25,20:34:11,3,7
2026-03-25,20:36:49,3,7
2026-03-25,20:49:18,3,7
2026-03-26,11:47:04,0,10
2026-03-26,11:59:47,0,10
2026-03-26,12:02:10,0,10
2026-03-26,12:14:54,2,8
2026-03-26,12:30:01,2,8
2026-03-26,12:32:23,2,8
2026-03-26,12:45:08,2,8
2026-03-26,12:47:31,2,8
2026-03-26,13:00:15,3,7
2026-03-26,13:15:22,4,6
2026-03-26,13:17:45,4,6
2026-03-26,13:30:29,4,6
2026-03-26,13:32:52,4,6
2026-03-26,13:45:36,4,6
2026-03-26,13:47:59,4,6
2026-03-26,14:00:42,4,6
2026-03-26,14:03:07,4,6
2026-03-26,14:18:13,6,4
2026-03-26,14:30:53,6,4
2026-03-26,14:33:18,6,4
2026-03-26,14:45:58,6,4
2026-03-26,14:48:23,6,4
2026-03-26,15:01:03,6,4
2026-03-26,15:18:33,6,4
2026-03-26,15:31:15,6,4
2026-03-26,15:33:40,6,4
2026-03-26,15:46:22,3,7
2026-03-26,15:48:47,4,6
2026-03-26,16:01:29,4,6
2026-03-26,16:03:55,4,6
2026-03-26,16:16:36,4,6
2026-03-26,16:19:01,3,7
2026-03-26,16:31:41,4,6
2026-03-26,16:34:06,4,6
2026-03-26,17:01:53,3,7
2026-03-26,17:04:20,3,7
2026-03-26,17:17:00,3,7
2026-03-26,17:19:27,2,8
2026-03-26,17:34:33,2,8
2026-03-26,17:49:40,3,7
2026-03-26,18:03:46,4,6
2026-03-26,18:04:46,4,6
2026-03-26,18:19:51,4,6
2026-03-26,18:33:58,5,5
2026-03-26,18:34:58,5,5
2026-03-26,18:49:05,5,5
2026-03-26,18:50:05,5,5
2026-03-26,19:04:10,5,5
2026-03-26,19:05:10,5,5
2026-03-26,19:19:16,5,5
2026-03-26,19:20:17,5,5
2026-03-26,19:34:23,5,5
2026-03-26,19:35:24,5,5
2026-03-26,19:49:30,7,3
2026-03-26,19:50:32,7,3
2026-03-26,20:04:38,5,5
2026-03-26,20:05:39,5,5
2026-03-26,20:19:45,5,5
2026-03-26,20:20:46,5,5
2026-03-26,20:34:52,5,5
2026-03-26,20:35:53,5,5
2026-03-26,20:49:59,5,5
2026-03-26,20:51:00,4,6
2026-03-26,21:05:06,4,6
2026-03-26,21:06:08,4,6
2026-03-26,21:20:13,2,8
2026-03-26,21:21:15,2,8
2026-03-26,21:35:20,1,9
2026-03-26,21:36:22,1,9
2026-03-26,21:50:28,1,9
2026-03-26,21:51:28,1,9
2026-03-27,11:44:41,0,10
2026-03-27,11:45:39,1,9
2026-03-27,11:59:55,1,9
2026-03-27,12:00:47,1,9
2026-03-27,12:15:05,2,8
2026-03-27,12:15:54,2,8
2026-03-27,12:30:13,2,8
2026-03-27,12:31:02,2,8
2026-03-27,12:45:21,2,8
2026-03-27,12:46:10,2,8
2026-03-27,13:00:29,3,7
2026-03-27,13:01:18,3,7
2026-03-27,13:16:25,4,6
2026-03-27,13:30:43,4,6
2026-03-27,13:31:33,4,6
2026-03-27,13:45:50,5,5
2026-03-27,13:46:40,5,5
2026-03-27,14:01:47,6,4
2026-03-27,14:16:04,6,4
2026-03-27,14:16:55,6,4
2026-03-27,14:31:11,6,4
2026-03-27,14:32:02,6,4
2026-03-27,14:46:19,6,4
2026-03-27,14:47:10,6,4
2026-03-27,15:01:27,6,4
2026-03-27,15:02:18,6,4
2026-03-27,15:16:34,5,5
2026-03-27,15:17:25,5,5
2026-03-27,15:31:42,5,5
2026-03-27,15:32:33,5,5
2026-03-27,15:46:49,5,5
2026-03-27,15:47:41,5,5
2026-03-27,16:01:57,6,4
2026-03-27,16:02:48,6,4
2026-03-27,16:17:56,6,4
2026-03-27,16:32:11,6,4
2026-03-27,16:33:03,6,4
2026-03-27,16:47:18,9,1
2026-03-27,16:48:09,9,1
2026-03-27,17:02:25,7,3
2026-03-27,17:03:16,7,3
2026-03-27,17:18:23,6,4
2026-03-27,17:32:39,6,4
2026-03-27,17:33:30,6,4
2026-03-27,17:48:37,7,3
2026-03-27,18:02:54,7,3
2026-03-27,18:03:48,7,3
2026-03-27,18:18:01,7,3
2026-03-27,18:18:55,7,3
2026-03-27,18:34:02,7,3
2026-03-27,18:48:15,7,3
2026-03-27,19:04:16,6,4
2026-03-27,19:18:26,9,1
2026-03-27,19:19:20,9,1
2026-03-27,19:34:24,10,0
2026-03-27,19:48:35,10,0
2026-03-27,20:03:39,10,0
2026-03-27,20:19:37,10,0
2026-03-27,20:33:49,10,0
2026-03-27,20:34:42,10,0
2026-03-27,20:49:49,10,0
2026-03-28,09:10:22,0,10
2026-03-28,09:25:27,0,10
2026-03-28,09:26:19,0,10
2026-03-28,09:40:32,0,10
2026-03-28,09:41:24,0,10
2026-03-28,09:55:39,0,10
2026-03-28,09:56:31,0,10
2026-03-28,10:10:43,0,10
2026-03-28,10:11:36,0,10
2026-03-28,10:26:42,0,10
2026-03-28,10:40:56,1,9
2026-03-28,10:41:49,1,9
2026-03-28,10:56:03,2,8
2026-03-28,11:12:02,2,8
2026-03-28,11:26:17,3,7
2026-03-28,11:57:22,3,7
2026-03-28,12:12:29,3,7
2026-03-28,12:27:36,4,6
2026-03-28,12:41:50,4,6
2026-03-28,12:42:42,4,6
2026-03-28,12:56:56,4,6
2026-03-28,12:57:49,4,6
2026-03-28,13:12:04,6,4
2026-03-28,13:27:10,6,4
2026-03-28,13:28:02,6,4
2026-03-28,13:42:17,7,3
2026-03-28,13:43:09,7,3
2026-03-28,13:57:24,7,3
2026-03-28,14:12:31,7,3
2026-03-28,14:13:23,7,3
2026-03-28,14:27:38,7,3
2026-03-28,14:28:30,7,3
2026-03-28,14:42:45,10,0
2026-03-28,14:43:37,10,0
2026-03-28,15:08:19,10,0
2026-03-28,15:23:26,10,0
2026-03-28,16:08:48,9,1
2026-03-29,09:06:56,2,8
2026-03-29,09:22:04,2,8
2026-03-29,09:37:11,2,8
2026-03-29,09:52:19,2,8
2026-03-29,10:07:26,2,8
2026-03-29,10:22:34,2,8
2026-03-29,10:37:40,2,8
2026-03-29,10:52:47,2,8
2026-03-29,11:07:55,3,7
2026-03-29,11:23:00,3,7
2026-03-29,11:38:06,3,7
2026-03-29,12:08:21,1,9
2026-03-29,12:23:28,1,9
2026-03-29,12:38:36,1,9
2026-03-29,12:53:43,3,7
2026-03-29,13:23:57,6,4
2026-03-29,13:39:02,9,1
2026-03-29,13:54:09,10,0
2026-03-29,14:09:16,10,0
2026-03-29,14:24:25,10,0
2026-03-29,14:39:32,10,0
2026-03-29,14:54:39,10,0
2026-03-29,15:09:47,10,0
2026-03-29,15:24:54,10,0
2026-03-29,15:40:02,9,1
2026-03-29,15:55:09,8,2
2026-03-29,16:10:17,8,2
2026-03-30,12:13:10,0,10
2026-03-30,12:28:18,0,10
2026-03-30,12:43:25,0,10
2026-03-30,12:58:33,1,9
2026-03-30,13:13:40,1,9
2026-03-30,13:28:47,1,9
2026-03-30,13:43:54,3,7
2026-03-30,13:59:01,3,7
2026-03-30,14:44:22,3,7
2026-03-30,14:59:29,3,7
2026-03-30,15:14:36,3,7
2026-03-30,15:44:50,5,5
2026-03-30,15:59:57,5,5
2026-03-30,16:15:04,4,6
2026-03-30,16:30:11,4,6
2026-03-30,17:00:26,4,6
2026-03-30,17:15:33,6,4
2026-03-30,17:30:40,6,4
2026-03-30,17:45:47,7,3
2026-03-30,18:00:54,7,3
2026-03-30,18:16:02,5,5
2026-03-30,18:31:08,7,3
2026-03-30,18:46:14,6,4
2026-03-30,19:01:22,7,3
2026-03-30,19:16:28,8,2
2026-03-30,19:31:36,9,1
2026-03-30,19:46:43,6,4
2026-03-30,20:01:50,6,4
2026-03-30,20:16:55,6,4
2026-03-30,20:32:03,6,4
2026-03-31,08:07:32,0,10
2026-03-31,08:22:39,0,10
2026-03-31,08:37:46,1,9
2026-03-31,09:08:00,1,9
2026-03-31,09:23:06,1,9
2026-03-31,09:38:13,3,7
2026-03-31,09:53:20,3,7
2026-03-31,10:08:27,3,7
2026-03-31,10:23:34,3,7
2026-03-31,10:38:41,3,7
2026-03-31,10:53:48,4,6
2026-03-31,11:08:55,4,6
2026-03-31,11:24:03,4,6
2026-03-31,11:39:10,4,6
2026-03-31,11:54:17,3,7
2026-03-31,12:09:24,2,8
2026-03-31,12:24:30,1,9
2026-03-31,12:39:37,1,9
2026-03-31,12:54:45,1,9
2026-03-31,13:09:52,3,7
2026-03-31,13:24:59,4,6
2026-03-31,13:40:06,4,6
2026-03-31,13:55:13,4,6
2026-03-31,14:10:20,5,5
2026-03-31,14:25:28,5,5
2026-03-31,14:40:35,5,5
2026-03-31,14:55:42,5,5
2026-03-31,15:10:49,4,6
2026-03-31,15:25:57,3,7
2026-03-31,15:41:04,4,6
2026-03-31,15:56:11,6,4
2026-03-31,16:11:18,6,4
2026-03-31,16:56:38,6,4
2026-03-31,17:11:45,7,3
2026-03-31,17:26:52,7,3
2026-03-31,17:41:59,8,2
2026-03-31,17:57:06,8,2
2026-03-31,18:12:13,9,1
2026-03-31,18:42:24,6,4
2026-03-31,18:57:31,6,4
2026-03-31,19:12:38,5,5
2026-03-31,19:27:45,5,5
2026-03-31,19:42:52,5,5
2026-03-31,19:57:59,4,6
2026-03-31,20:13:04,4,6
2026-03-31,20:28:11,4,6
2026-04-01,08:03:29,1,9
2026-04-01,08:18:35,2,8
2026-04-01,09:19:02,5,5
2026-04-01,10:04:22,3,7
2026-04-01,10:19:29,3,7
2026-04-01,10:34:36,3,7
2026-04-01,11:04:49,1,9
2026-04-01,11:35:03,2,8
2026-04-01,11:50:10,1,9
2026-04-01,12:05:17,2,8
2026-04-01,12:20:24,1,9
2026-04-01,12:35:31,2,8
2026-04-01,12:50:38,2,8
2026-04-01,13:05:45,2,8
2026-04-01,13:20:52,2,8
2026-04-01,13:35:59,3,7
2026-04-01,14:06:13,2,8
2026-04-01,14:21:20,3,7
2026-04-01,14:36:27,3,7
2026-04-01,14:51:34,3,7
2026-04-01,15:06:41,2,8
2026-04-01,15:21:48,2,8
2026-04-01,15:36:55,2,8
2026-04-01,15:52:02,1,9
2026-04-01,16:22:16,3,7
2026-04-01,16:52:29,4,6
2026-04-01,17:07:36,3,7
2026-04-01,17:22:44,3,7
2026-04-01,17:37:51,2,8
2026-04-01,17:52:58,2,8
2026-04-01,18:23:12,1,9
2026-04-01,19:08:30,2,8
2026-04-01,19:23:38,3,7
2026-04-01,19:38:45,3,7
2026-04-01,19:53:52,4,6
2026-04-01,20:08:58,3,7
2026-04-01,20:24:04,3,7
2026-04-01,20:39:11,2,8
2026-04-02,12:04:53,0,10
2026-04-02,12:20:00,1,9
2026-04-02,12:35:07,1,9
2026-04-02,12:50:15,1,9
2026-04-02,13:05:22,2,8
2026-04-02,13:20:29,2,8
2026-04-02,13:35:36,3,7
2026-04-02,13:50:44,3,7
2026-04-02,14:05:51,3,7
2026-04-02,14:20:59,3,7
2026-04-02,14:36:06,2,8
2026-04-02,14:51:13,2,8
2026-04-02,15:21:27,2,8
2026-04-02,15:36:34,2,8
2026-04-02,15:51:41,1,9
2026-04-02,16:21:56,2,8
2026-04-02,16:37:03,2,8
2026-04-02,16:52:10,2,8
2026-04-02,17:07:17,2,8
2026-04-02,17:22:24,2,8
2026-04-02,17:37:31,2,8
2026-04-02,17:52:38,2,8
2026-04-02,18:07:44,2,8
2026-04-02,18:22:49,2,8
2026-04-02,18:37:54,4,6
2026-04-02,18:52:59,4,6
2026-04-02,19:08:05,3,7
2026-04-02,19:23:12,3,7
2026-04-02,19:38:19,3,7
2026-04-02,19:53:25,2,8
2026-04-02,20:08:32,3,7
2026-04-02,20:23:40,3,7
2026-04-02,20:38:47,3,7
2026-04-06,10:04:23,0,10
2026-04-06,10:17:18,0,10
2026-04-06,10:32:24,0,10
2026-04-06,11:02:39,0,10
2026-04-06,11:17:46,0,10
2026-04-06,11:32:51,0,10
2026-04-06,12:03:03,0,10
2026-04-06,12:18:11,0,10
2026-04-06,12:33:19,0,10
2026-04-06,12:48:26,0,10
2026-04-06,13:03:34,0,10
2026-04-06,13:33:50,0,10
2026-04-06,13:48:58,0,10
2026-04-06,14:04:06,0,10
2026-04-06,14:34:21,1,9
2026-04-06,15:19:44,1,9
2026-04-06,15:34:52,1,9
2026-04-07,08:18:49,0,10
2026-04-07,08:33:56,1,9
2026-04-07,08:49:05,1,9
2026-04-07,09:04:13,1,9
2026-04-07,09:19:22,1,9
2026-04-07,09:34:30,1,9
2026-04-07,09:49:38,4,6
2026-04-07,10:04:46,4,6
2026-04-07,10:19:55,3,7
2026-04-07,10:35:03,3,7
2026-04-07,10:50:11,3,7
2026-04-07,11:05:19,2,8
2026-04-07,11:20:27,2,8
2026-04-07,11:35:36,2,8
2026-04-07,11:50:42,2,8
2026-04-07,12:05:49,2,8
2026-04-07,12:20:58,2,8
2026-04-07,12:36:06,2,8
2026-04-07,12:51:14,2,8
2026-04-07,13:06:22,1,9
2026-04-07,13:21:30,1,9
2026-04-07,13:36:39,1,9
2026-04-07,13:51:47,1,9
2026-04-07,14:06:55,0,10
2026-04-07,14:22:04,0,10
2026-04-07,14:37:12,0,10
2026-04-07,14:52:20,1,9
2026-04-07,15:07:29,1,9
2026-04-07,15:22:37,1,9
2026-04-07,15:37:45,1,9
2026-04-07,15:52:54,1,9
2026-04-07,16:08:02,3,7
2026-04-07,16:23:10,3,7
2026-04-07,16:38:18,3,7
2026-04-07,16:53:26,3,7
2026-04-07,17:08:34,2,8
2026-04-07,17:23:43,2,8
2026-04-07,17:53:59,2,8
2026-04-07,18:09:07,2,8
2026-04-07,18:24:15,2,8
2026-04-07,18:39:23,2,8
2026-04-07,18:54:32,3,7
2026-04-07,19:09:40,3,7
2026-04-07,19:24:49,1,9
2026-04-07,19:39:57,2,8
2026-04-07,19:55:05,2,8
2026-04-07,20:25:22,2,8
2026-04-07,20:30:28,2,8
2026-04-08,08:06:21,0,10
2026-04-08,08:21:29,1,9
2026-04-08,08:36:38,3,7
2026-04-08,08:51:47,3,7
2026-04-08,09:06:55,4,6
2026-04-08,09:22:03,4,6
2026-04-08,09:37:11,4,6
2026-04-08,09:52:18,3,7
2026-04-08,10:07:27,3,7
2026-04-08,10:22:35,3,7
2026-04-08,10:37:42,3,7
2026-04-08,10:52:50,2,8
2026-04-08,11:07:58,2,8
2026-04-08,11:23:06,1,9
2026-04-08,11:38:15,1,9
2026-04-08,11:53:23,1,9
2026-04-08,12:08:31,1,9
2026-04-08,12:23:40,1,9
2026-04-08,12:38:49,0,10
2026-04-08,12:53:57,0,10
2026-04-08,13:09:05,0,10
2026-04-08,13:39:22,1,9
2026-04-08,13:54:31,1,9
2026-04-08,14:24:48,2,8
2026-04-08,14:39:56,2,8
2026-04-08,14:55:05,3,7
2026-04-08,15:10:13,3,7
2026-04-08,15:25:22,3,7
2026-04-08,15:40:30,3,7
2026-04-08,15:55:38,3,7
2026-04-08,16:10:47,2,8
2026-04-08,16:25:56,3,7
2026-04-08,16:41:04,4,6
2026-04-08,16:56:13,3,7
2026-04-08,17:11:21,4,6
2026-04-08,17:26:31,4,6
2026-04-08,17:41:39,4,6
2026-04-08,17:56:47,4,6
2026-04-08,18:11:55,4,6
2026-04-08,18:27:04,4,6
2026-04-08,18:42:12,4,6
2026-04-08,18:57:21,4,6
2026-04-08,19:12:29,4,6
2026-04-08,19:27:38,5,5
2026-04-08,19:42:46,6,4
2026-04-08,19:57:54,5,5
2026-04-08,20:28:12,4,6
2026-04-08,20:43:20,3,7
2026-04-09,11:55:03,2,8
2026-04-09,12:10:11,2,8
2026-04-09,12:25:20,2,8
2026-04-09,12:40:29,2,8
2026-04-09,12:55:37,2,8
2026-04-09,13:10:45,2,8
2026-04-09,13:25:54,2,8
2026-04-09,13:41:02,2,8
2026-04-09,13:56:11,4,6
2026-04-09,14:11:19,3,7
2026-04-09,14:26:27,3,7
2026-04-09,14:41:36,2,8
2026-04-09,14:56:44,2,8
2026-04-09,15:11:53,2,8
2026-04-09,15:27:02,2,8
2026-04-09,15:42:10,1,9
2026-04-09,15:57:19,1,9
2026-04-09,16:12:27,1,9
2026-04-09,16:27:35,1,9
2026-04-09,16:42:44,1,9
2026-04-09,16:57:53,2,8
2026-04-09,17:13:01,2,8
2026-04-09,17:28:09,2,8
2026-04-09,17:43:17,1,9
2026-04-09,17:58:25,1,9
2026-04-09,18:13:32,1,9
2026-04-09,18:28:40,1,9
2026-04-09,18:43:49,1,9
2026-04-09,18:58:57,1,9
2026-04-09,19:14:05,1,9
2026-04-09,19:29:13,1,9
2026-04-09,19:44:20,1,9
2026-04-09,19:59:28,1,9
2026-04-09,20:14:36,1,9
2026-04-09,20:29:44,1,9
2026-04-09,20:44:52,1,9
2026-04-09,20:59:57,1,9
2026-04-09,21:15:04,1,9
2026-04-10,12:11:26,1,9
2026-04-10,12:26:35,2,8
2026-04-10,12:41:44,2,8
2026-04-10,12:56:53,6,4
2026-04-10,13:12:01,8,2
2026-04-10,13:27:10,8,2
2026-04-10,13:42:18,9,1
2026-04-10,13:57:27,9,1
2026-04-10,14:12:35,9,1
2026-04-10,14:57:59,9,1
2026-04-10,15:13:08,9,1
2026-04-10,15:28:16,8,2
2026-04-10,15:43:24,9,1
2026-04-10,15:58:32,6,4
2026-04-10,16:13:41,4,6
2026-04-10,16:28:49,3,7
2026-04-10,17:14:14,2,8
2026-04-10,17:29:23,2,8
2026-04-10,17:44:31,2,8
2026-04-10,17:59:39,2,8
2026-04-10,18:14:48,2,8
2026-04-10,18:29:56,3,7
2026-04-10,18:45:05,3,7
2026-04-10,19:00:13,3,7
2026-04-10,19:15:22,4,6
2026-04-10,19:30:30,4,6
2026-04-10,19:45:37,6,4
2026-04-10,20:15:54,5,5
2026-04-10,20:31:02,5,5
2026-04-11,09:08:36,0,10
2026-04-11,09:23:44,0,10
2026-04-11,09:54:00,1,9
2026-04-11,10:09:08,1,9
2026-04-11,10:24:17,1,9
2026-04-11,10:39:25,1,9
2026-04-11,11:24:49,2,8
2026-04-11,11:39:57,1,9
2026-04-11,11:55:06,1,9
2026-04-11,12:25:22,1,9
2026-04-11,13:10:46,1,9
2026-04-11,13:25:54,1,9
2026-04-11,13:41:02,1,9
2026-04-11,13:56:10,1,9
2026-04-11,14:26:26,2,8
2026-04-11,14:41:34,2,8
2026-04-11,15:26:58,2,8
2026-04-11,15:42:07,2,8
2026-04-11,15:57:15,2,8
2026-04-12,09:27:11,1,9
2026-04-12,09:42:19,1,9
2026-04-12,09:57:27,1,9
2026-04-12,10:12:36,1,9
2026-04-12,10:27:45,1,9
2026-04-12,10:42:54,1,9
2026-04-12,10:58:03,1,9
2026-04-12,11:13:11,1,9
2026-04-12,11:43:27,3,7
2026-04-12,11:58:36,2,8
2026-04-12,12:13:44,2,8
2026-04-12,12:28:52,2,8
2026-04-12,12:44:00,2,8
2026-04-12,12:59:09,2,8
2026-04-12,13:14:17,2,8
2026-04-12,13:29:25,4,6
2026-04-12,13:44:33,6,4
2026-04-12,13:59:39,9,1
2026-04-12,14:14:46,9,1
2026-04-12,14:29:54,9,1
2026-04-12,15:00:11,9,1
2026-04-12,15:15:19,9,1
2026-04-12,15:30:27,9,1
2026-04-12,15:45:35,7,3
2026-04-13,12:04:45,0,10
2026-04-13,12:19:53,0,10
2026-04-13,12:35:01,0,10
2026-04-13,12:50:10,1,9
2026-04-13,13:05:19,1,9
2026-04-13,13:20:27,3,7
2026-04-13,13:35:34,3,7
2026-04-13,13:50:42,3,7
2026-04-13,14:05:50,3,7
2026-04-13,14:20:58,3,7
2026-04-13,14:36:06,3,7
2026-04-13,14:51:14,3,7
2026-04-13,15:06:22,3,7
2026-04-13,15:21:31,3,7
2026-04-13,15:51:45,1,9
2026-04-13,16:06:52,1,9
2026-04-13,16:21:59,1,9
2026-04-13,16:37:08,1,9
2026-04-13,16:52:15,1,9
2026-04-13,17:07:23,1,9
2026-04-13,17:22:28,0,10
2026-04-13,17:37:37,0,10
2026-04-13,18:07:53,2,8
2026-04-13,18:23:02,3,7
2026-04-13,18:38:07,3,7
2026-04-13,18:53:14,4,6
2026-04-13,19:08:22,8,2
2026-04-13,19:23:30,9,1
2026-04-13,19:38:37,10,0
2026-04-13,20:21:12,10,0
2026-04-13,20:36:23,8,2
2026-04-13,20:51:30,7,3
2026-04-13,21:06:37,4,6
2026-04-13,21:21:45,4,6
2026-04-14,08:11:34,0,10
2026-04-14,08:26:51,0,10
2026-04-14,08:42:00,0,10
2026-04-14,08:57:08,1,9
2026-04-14,09:12:16,1,9
2026-04-14,09:27:25,1,9
2026-04-14,09:42:33,2,8
2026-04-14,09:57:41,2,8
2026-04-14,10:12:50,2,8
2026-04-14,10:27:59,2,8
2026-04-14,10:58:14,2,8
2026-04-14,11:13:22,2,8
2026-04-14,11:28:31,2,8
2026-04-14,11:43:39,2,8
2026-04-14,11:58:48,2,8
2026-04-14,12:13:55,2,8
2026-04-14,12:29:04,2,8
2026-04-14,12:44:12,2,8
2026-04-14,12:59:20,2,8
2026-04-14,13:29:36,5,5
2026-04-14,13:44:44,4,6
2026-04-14,13:59:51,4,6
2026-04-14,14:14:59,4,6
2026-04-14,14:30:08,4,6
2026-04-14,14:45:16,4,6
2026-04-14,15:00:24,4,6
2026-04-14,15:15:32,4,6
2026-04-14,15:30:41,4,6
2026-04-14,15:45:49,4,6
2026-04-14,16:00:56,3,7
2026-04-14,16:16:05,3,7
2026-04-14,16:31:13,3,7
2026-04-14,16:46:21,2,8
2026-04-14,17:16:37,1,9
2026-04-14,17:31:46,1,9
2026-04-14,17:46:54,1,9
2026-04-14,18:02:01,2,8
2026-04-14,18:17:09,2,8
2026-04-14,18:32:17,3,7
2026-04-14,18:47:25,3,7
2026-04-14,19:02:32,4,6
2026-04-14,19:17:37,4,6
2026-04-14,19:32:47,4,6
2026-04-14,19:47:53,5,5
2026-04-14,20:03:02,5,5
2026-04-14,20:18:09,5,5
2026-04-14,20:33:16,3,7
2026-04-14,20:48:22,3,7
2026-04-14,21:18:36,3,7
2026-04-14,21:33:44,1,9
2026-04-15,08:08:19,0,10
2026-04-15,08:23:28,2,8
2026-04-15,08:38:36,2,8
2026-04-15,08:53:44,2,8
2026-04-15,09:08:52,4,6
2026-04-15,09:24:00,5,5
2026-04-15,09:54:15,5,5
2026-04-15,10:09:23,5,5
2026-04-15,10:24:32,5,5
2026-04-15,10:39:40,4,6
2026-04-15,10:54:48,4,6
2026-04-15,11:09:56,2,8
2026-04-15,11:25:04,2,8
2026-04-15,11:40:12,2,8
2026-04-15,11:55:19,2,8
2026-04-15,12:25:35,3,7
2026-04-15,12:40:43,3,7
2026-04-15,12:55:51,3,7
2026-04-15,13:10:59,4,6
2026-04-15,13:26:07,4,6
2026-04-15,13:41:15,5,5
2026-04-15,13:56:22,5,5
2026-04-15,14:11:31,3,7
2026-04-15,14:26:39,5,5
2026-04-15,14:41:47,5,5
2026-04-15,14:56:55,5,5
2026-04-15,15:12:03,4,6
2026-04-15,15:27:11,4,6
2026-04-15,15:42:19,4,6
2026-04-15,15:57:27,4,6
2026-04-15,16:12:35,4,6
2026-04-15,16:42:51,6,4
2026-04-15,16:57:59,6,4
2026-04-15,17:13:07,6,4
2026-04-15,17:28:15,2,8
2026-04-15,17:43:23,2,8
2026-04-15,17:58:31,2,8
2026-04-15,18:13:39,2,8
2026-04-15,18:28:47,2,8
2026-04-15,18:43:55,3,7
2026-04-15,18:59:03,3,7
2026-04-15,19:14:11,3,7
2026-04-15,19:29:19,3,7
2026-04-15,19:44:27,3,7
2026-04-15,19:59:35,2,8
2026-04-15,20:14:42,2,8
2026-04-15,20:29:50,0,10
2026-04-16,11:54:26,1,9
2026-04-16,12:09:37,1,9
2026-04-16,12:24:45,1,9
2026-04-16,12:39:53,1,9
2026-04-16,12:55:01,1,9
2026-04-16,13:10:09,2,8
2026-04-16,13:25:17,2,8
2026-04-16,13:40:25,2,8
2026-04-16,13:55:33,2,8
2026-04-16,14:25:49,3,7
2026-04-16,14:40:57,4,6
2026-04-16,14:56:04,4,6
2026-04-16,15:11:49,3,7
2026-04-16,15:26:58,3,7
2026-04-16,15:42:06,3,7
2026-04-16,15:57:14,3,7
2026-04-16,16:12:22,3,7
2026-04-16,16:27:31,2,8
2026-04-16,16:42:39,1,9
2026-04-16,16:57:46,1,9
2026-04-16,17:12:54,1,9
2026-04-16,17:28:03,1,9
2026-04-16,17:43:10,1,9
2026-04-16,17:58:18,0,10
2026-04-16,18:13:26,0,10
2026-04-16,18:28:35,0,10
2026-04-16,18:43:43,1,9
2026-04-16,18:58:51,1,9
2026-04-16,19:13:58,1,9
2026-04-16,19:29:07,1,9
2026-04-16,19:44:15,1,9
2026-04-16,19:59:23,1,9
2026-04-16,20:14:31,1,9
2026-04-16,20:29:40,1,9
2026-04-16,20:44:48,1,9
2026-04-17,11:56:11,0,10
2026-04-17,12:11:20,0,10
2026-04-17,12:26:29,0,10
2026-04-17,12:41:38,0,10
2026-04-17,13:11:54,0,10
2026-04-17,13:27:03,0,10
2026-04-17,13:42:12,0,10
2026-04-17,14:12:28,2,8
2026-04-17,14:27:36,2,8
2026-04-17,14:42:45,2,8
2026-04-17,15:13:02,2,8
2026-04-17,15:28:10,2,8
2026-04-17,15:43:19,2,8
2026-04-17,16:13:35,2,8
2026-04-17,16:28:45,2,8
2026-04-17,16:59:02,2,8
2026-04-17,17:14:10,2,8
2026-04-17,17:29:19,2,8
2026-04-17,17:44:27,2,8
2026-04-17,17:59:36,1,9
2026-04-17,18:14:44,1,9
2026-04-17,18:29:53,3,7
2026-04-17,18:45:01,3,7
2026-04-17,19:00:10,3,7
2026-04-17,19:15:18,5,5
2026-04-17,19:30:27,6,4
2026-04-17,19:45:36,6,4
2026-04-17,20:00:44,6,4
2026-04-17,20:46:09,6,4
2026-04-18,08:53:26,0,10
2026-04-18,09:08:34,0,10
2026-04-18,09:23:40,0,10
2026-04-18,09:38:46,0,10
2026-04-18,09:53:51,0,10
2026-04-18,10:08:58,1,9
2026-04-18,10:24:06,1,9
2026-04-18,10:39:13,1,9
2026-04-18,10:54:20,1,9
2026-04-18,11:09:28,1,9
2026-04-18,11:39:41,1,9
2026-04-18,11:54:46,1,9
2026-04-18,12:09:53,1,9
2026-04-18,12:25:01,1,9
2026-04-18,12:40:09,1,9
2026-04-18,12:55:16,0,10
2026-04-18,13:10:24,0,10
2026-04-18,13:25:32,0,10
2026-04-18,13:40:40,0,10
2026-04-18,13:55:47,0,10
2026-04-18,14:10:54,0,10
2026-04-18,14:26:03,0,10
2026-04-18,14:41:08,0,10
2026-04-18,14:56:14,0,10
2026-04-18,15:11:20,3,7
2026-04-18,15:26:28,3,7
2026-04-18,15:41:35,3,7
2026-04-18,15:56:42,3,7
2026-04-18,16:11:50,3,7
2026-04-18,16:26:57,3,7
2026-04-19,09:10:12,1,9
2026-04-19,09:40:27,3,7
2026-04-19,09:55:35,3,7
2026-04-19,10:10:42,3,7
2026-04-19,10:25:47,3,7
2026-04-19,10:40:55,3,7
2026-04-19,11:11:10,3,7
2026-04-19,11:26:17,3,7
2026-04-19,11:56:32,0,10
2026-04-19,12:11:39,0,10
2026-04-19,12:57:01,2,8
2026-04-19,13:12:06,2,8
2026-04-19,13:27:12,2,8
2026-04-19,13:42:21,3,7
2026-04-19,13:57:29,4,6
2026-04-19,14:12:37,3,7
2026-04-19,14:42:48,3,7
2026-04-19,14:57:53,3,7
2026-04-19,15:13:00,3,7
2026-04-19,15:43:20,2,8
2026-04-19,15:58:30,1,9
2026-04-19,16:13:40,1,9
2026-04-19,16:28:48,1,9
2026-04-20,12:16:44,0,10
2026-04-20,12:31:51,1,9
2026-04-20,12:46:59,1,9
2026-04-20,13:02:07,1,9
2026-04-20,13:17:15,1,9
2026-04-20,13:32:22,1,9
2026-04-20,13:47:30,1,9
2026-04-20,14:17:45,2,8
2026-04-20,14:32:52,2,8
2026-04-20,14:48:00,1,9
2026-04-20,15:03:07,1,9
2026-04-20,15:18:15,1,9
2026-04-20,15:33:22,1,9
2026-04-20,15:48:30,1,9
2026-04-20,16:03:37,1,9
2026-04-20,16:18:45,1,9
2026-04-20,16:33:53,1,9
2026-04-20,16:49:00,2,8
2026-04-20,17:04:08,2,8
2026-04-20,17:19:16,2,8
2026-04-20,17:34:23,3,7
2026-04-20,18:19:46,3,7
2026-04-20,18:34:52,3,7
2026-04-20,18:49:57,3,7
2026-04-20,19:05:05,3,7
2026-04-20,19:20:11,3,7
2026-04-20,19:35:17,2,8
2026-04-20,19:50:24,3,7
2026-04-20,20:05:29,4,6
2026-04-20,20:20:36,4,6
2026-04-20,20:35:45,4,6
2026-04-20,20:50:51,4,6
2026-04-20,21:05:58,3,7
2026-04-20,21:21:05,3,7
2026-04-21,09:12:22,1,9
2026-04-21,09:27:30,4,6
2026-04-21,09:42:38,4,6
2026-04-21,09:57:45,4,6
2026-04-21,10:12:52,4,6
2026-04-21,10:28:00,4,6
2026-04-21,10:43:08,4,6
2026-04-21,10:58:16,4,6
2026-04-21,11:13:23,4,6
2026-04-21,11:43:39,4,6
2026-04-21,11:58:47,3,7
2026-04-21,12:13:54,2,8
2026-04-21,12:29:01,1,9
2026-04-21,12:44:09,1,9
2026-04-21,12:59:17,1,9
2026-04-21,13:14:24,1,9
2026-04-21,13:29:32,1,9
2026-04-21,13:44:39,1,9
2026-04-21,13:59:47,0,10
2026-04-21,14:14:55,0,10
2026-04-21,14:30:03,0,10
2026-04-21,14:45:10,0,10
2026-04-21,15:00:17,0,10
2026-04-21,15:15:25,0,10
2026-04-21,15:30:33,0,10
2026-04-21,15:45:40,0,10
2026-04-21,16:00:45,0,10
2026-04-21,16:15:52,0,10
2026-04-21,16:31:00,2,8
2026-04-21,16:46:06,2,8
2026-04-21,17:01:12,2,8
2026-04-21,17:16:17,2,8
2026-04-21,17:31:24,2,8
2026-04-21,17:46:32,2,8
2026-04-21,18:01:40,2,8
2026-04-21,18:16:45,2,8
2026-04-21,18:31:52,2,8
2026-04-21,19:02:08,3,7
2026-04-21,19:17:17,3,7
2026-04-21,19:32:23,3,7
2026-04-21,19:47:29,1,9
2026-04-21,19:55:34,1,9
2026-04-21,20:10:41,1,9
2026-04-21,20:25:49,1,9
2026-04-21,20:40:57,1,9
2026-04-21,21:11:12,1,9
2026-04-21,21:26:20,1,9
2026-04-22,08:31:57,0,10
2026-04-22,08:47:05,0,10
2026-04-22,09:02:12,4,6
2026-04-22,09:17:19,4,6
2026-04-22,09:32:27,4,6
2026-04-22,09:47:34,4,6
2026-04-22,10:02:41,4,6
2026-04-22,10:17:49,4,6
2026-04-22,10:32:58,4,6
2026-04-22,10:48:07,4,6
2026-04-22,11:03:16,3,7
2026-04-22,11:18:26,3,7
2026-04-22,11:33:32,2,8
2026-04-22,11:48:42,1,9
2026-04-22,12:03:50,1,9
2026-04-22,12:18:59,0,10
2026-04-22,12:34:08,0,10
2026-04-22,12:49:16,0,10
2026-04-22,13:04:25,1,9
2026-04-22,13:19:35,1,9
2026-04-22,13:34:43,2,8
2026-04-22,13:49:52,2,8
2026-04-22,14:05:00,2,8
2026-04-22,14:20:09,3,7
2026-04-22,14:35:17,4,6
2026-04-22,14:50:26,4,6
2026-04-22,15:05:35,6,4
2026-04-22,15:20:44,5,5
2026-04-22,15:35:53,5,5
2026-04-22,16:06:09,5,5
2026-04-22,16:21:18,5,5
2026-04-22,16:36:26,4,6
2026-04-22,16:51:35,3,7
2026-04-22,17:06:44,3,7
2026-04-22,17:21:53,3,7
2026-04-22,17:37:01,1,9
2026-04-22,17:52:09,1,9
2026-04-22,18:07:17,1,9
2026-04-22,18:22:26,0,10
2026-04-22,18:37:34,1,9
2026-04-22,18:52:42,1,9
2026-04-22,19:07:50,1,9
2026-04-22,19:22:58,1,9
2026-04-22,19:38:05,2,8
2026-04-22,19:53:12,2,8
2026-04-22,20:08:20,2,8
2026-04-22,20:23:29,2,8
2026-04-22,20:38:37,3,7
2026-04-22,20:53:43,2,8
2026-04-22,21:08:50,1,9
2026-04-23,08:44:58,0,10
2026-04-23,09:00:06,1,9
2026-04-23,09:15:15,1,9
2026-04-23,09:30:23,1,9
2026-04-23,09:45:31,1,9
2026-04-23,10:00:40,1,9
2026-04-23,10:15:48,1,9
2026-04-23,10:30:55,1,9
2026-04-23,10:46:04,1,9
2026-04-23,11:01:12,1,9
2026-04-23,11:16:20,1,9
2026-04-23,11:31:28,1,9
2026-04-23,11:46:34,1,9
2026-04-23,12:01:42,1,9
2026-04-23,12:16:49,1,9
2026-04-23,12:47:04,1,9
2026-04-23,13:17:21,1,9
2026-04-23,13:32:29,1,9
2026-04-23,14:02:43,0,10
2026-04-23,14:17:50,1,9
2026-04-23,14:32:58,1,9
2026-04-23,14:48:06,1,9
2026-04-23,15:03:14,1,9
2026-04-23,15:18:22,1,9
2026-04-23,15:33:30,1,9
2026-04-23,15:48:38,1,9
2026-04-23,16:03:46,1,9
2026-04-23,16:18:54,1,9
2026-04-23,16:34:01,2,8
2026-04-23,16:49:10,2,8
2026-04-23,17:04:17,2,8
2026-04-23,17:34:35,1,9
2026-04-23,17:49:44,1,9
2026-04-23,18:04:52,1,9
2026-04-23,18:20:00,1,9
2026-04-23,18:35:08,1,9
2026-04-23,18:50:15,2,8
2026-04-23,19:05:23,2,8
2026-04-23,19:20:31,2,8
2026-04-23,19:35:40,2,8
2026-04-23,19:50:48,2,8
2026-04-23,20:21:03,2,8
2026-04-23,20:36:10,2,8
2026-04-23,21:21:29,1,9
2026-04-24,08:26:53,0,10
2026-04-24,08:42:02,0,10
2026-04-24,08:57:10,0,10
2026-04-24,09:12:18,0,10
2026-04-24,09:27:25,0,10
2026-04-24,09:42:34,0,10
2026-04-24,10:12:49,0,10
2026-04-24,10:27:57,0,10
2026-04-24,10:43:05,0,10
2026-04-24,10:58:13,0,10
2026-04-24,11:13:21,0,10
2026-04-24,11:28:29,0,10
2026-04-24,11:43:38,0,10
2026-04-24,11:58:46,0,10
2026-04-24,12:13:54,0,10
2026-04-24,12:29:02,0,10
2026-04-24,12:44:10,0,10
2026-04-24,12:59:18,0,10
2026-04-24,13:14:26,0,10
2026-04-24,13:29:34,0,10
2026-04-24,13:44:42,0,10
2026-04-24,13:59:50,0,10
2026-04-24,14:14:59,0,10
2026-04-24,14:30:07,2,8
2026-04-24,14:45:15,2,8
2026-04-24,15:00:23,2,8
2026-04-24,15:15:31,2,8
2026-04-24,15:30:39,2,8
2026-04-24,15:45:48,2,8
2026-04-24,16:00:56,2,8
2026-04-24,16:16:04,2,8
2026-04-24,16:31:12,2,8
2026-04-24,16:46:20,2,8
2026-04-24,17:01:29,2,8
2026-04-24,17:16:37,2,8
2026-04-24,17:31:45,2,8
2026-04-24,17:46:53,2,8
2026-04-24,18:02:01,0,10
2026-04-24,18:17:07,0,10
2026-04-24,18:32:15,1,9
2026-04-24,18:47:23,1,9
2026-04-24,19:02:31,1,9
2026-04-24,19:17:39,1,9
2026-04-24,19:32:47,1,9
2026-04-24,20:03:02,1,9
2026-04-24,20:18:11,1,9
2026-04-24,20:33:16,1,9
2026-04-25,09:11:11,1,9
2026-04-25,09:26:20,1,9
2026-04-25,09:41:26,1,9
2026-04-25,09:56:34,1,9
2026-04-25,10:11:42,1,9
2026-04-25,10:41:56,1,9
2026-04-25,10:57:04,1,9
2026-04-25,11:42:29,1,9
2026-04-25,11:57:37,0,10
2026-04-25,12:27:53,0,10
2026-04-25,12:43:01,0,10
2026-04-25,13:13:17,0,10
2026-04-25,13:43:34,0,10
2026-04-25,13:58:42,0,10
2026-04-25,14:13:50,0,10
2026-04-25,14:44:07,0,10
2026-04-25,14:59:15,0,10
2026-04-25,15:14:22,0,10
2026-04-25,15:29:31,0,10
2026-04-25,15:44:39,0,10
2026-04-26,09:47:19,1,9
2026-04-26,10:02:31,1,9
2026-04-26,10:32:47,2,8
2026-04-26,11:03:03,2,8
2026-04-26,11:18:11,2,8
2026-04-26,11:33:18,2,8
2026-04-26,12:03:34,2,8
2026-04-26,12:18:40,1,9
2026-04-26,12:33:55,1,9
2026-04-26,12:49:03,2,8
2026-04-26,13:04:11,3,7
2026-04-26,13:49:35,3,7
2026-04-26,14:04:44,6,4
2026-04-26,14:35:00,8,2
2026-04-26,14:50:08,10,0
2026-04-26,15:20:19,10,0
2026-04-26,15:35:24,10,0
2026-04-26,15:50:31,10,0
2026-04-26,16:05:39,10,0
2026-04-27,11:54:09,0,10
2026-04-27,12:09:16,0,10
2026-04-27,12:24:25,0,10
2026-04-27,12:39:32,0,10
2026-04-27,13:09:48,0,10
2026-04-27,13:24:56,1,9
2026-04-27,13:40:04,1,9
2026-04-27,13:55:12,1,9
2026-04-27,14:10:20,1,9
2026-04-27,14:25:28,2,8
2026-04-27,14:55:43,2,8
2026-04-27,15:10:51,2,8
2026-04-27,15:25:56,2,8
2026-04-27,15:41:04,2,8
2026-04-27,15:56:13,2,8
2026-04-27,16:26:28,2,8
2026-04-27,16:41:36,2,8
2026-04-27,16:56:45,1,9
2026-04-27,17:11:54,1,9
2026-04-27,17:27:03,1,9
2026-04-27,17:42:12,1,9
2026-04-27,17:57:21,2,8
2026-04-27,18:12:29,2,8
2026-04-27,18:27:38,2,8
2026-04-27,18:42:46,2,8
2026-04-27,18:57:55,2,8
2026-04-27,19:13:03,2,8
2026-04-27,19:28:12,2,8
2026-04-27,19:43:18,2,8
2026-04-27,19:58:26,2,8
2026-04-27,20:13:32,2,8
2026-04-27,20:28:38,3,7
2026-04-27,20:43:46,3,7
2026-04-27,20:58:53,3,7
2026-04-28,08:35:14,0,10
2026-04-28,09:05:30,1,9
2026-04-28,09:20:39,1,9
2026-04-28,09:35:47,2,8
2026-04-28,09:50:55,2,8
2026-04-28,10:06:02,2,8
2026-04-28,10:21:11,3,7
2026-04-28,10:36:19,3,7
2026-04-28,10:51:26,3,7
2026-04-28,11:06:34,3,7
2026-04-28,11:36:50,2,8
2026-04-28,11:51:58,2,8
2026-04-28,12:22:14,2,8
2026-04-28,12:37:22,2,8
2026-04-28,12:52:29,2,8
2026-04-28,13:07:37,2,8
2026-04-28,13:22:46,2,8
2026-04-28,13:37:54,4,6
2026-04-28,13:53:02,4,6
2026-04-28,14:08:10,4,6
2026-04-28,14:23:18,4,6
2026-04-28,14:38:26,4,6
2026-04-28,14:53:34,4,6
2026-04-28,15:08:40,4,6
2026-04-28,15:23:49,2,8
2026-04-28,15:38:56,2,8
2026-04-28,15:54:05,2,8
2026-04-28,16:09:13,2,8
2026-04-28,16:24:21,0,10
2026-04-28,16:39:29,0,10
2026-04-28,16:54:34,0,10
2026-04-28,17:09:39,0,10
2026-04-28,17:24:45,1,9
2026-04-28,17:39:53,1,9
2026-04-28,17:54:58,1,9
2026-04-28,18:10:06,1,9
2026-04-28,18:25:13,1,9
2026-04-28,18:40:20,1,9
2026-04-28,18:55:27,2,8
2026-04-28,19:10:33,2,8
2026-04-28,19:25:42,2,8
2026-04-28,19:40:49,2,8
2026-04-28,19:55:58,2,8
2026-04-28,20:11:05,2,8
2026-04-28,20:26:12,2,8
2026-04-28,20:41:17,1,9
2026-04-29,08:33:27,0,10
2026-04-29,08:48:33,1,9
2026-04-29,09:03:41,3,7
2026-04-29,09:18:49,4,6
2026-04-29,09:33:57,4,6
2026-04-29,09:49:06,4,6
2026-04-29,10:04:14,4,6
2026-04-29,10:19:22,4,6
2026-04-29,10:34:30,3,7
2026-04-29,10:49:39,3,7
2026-04-29,11:04:47,3,7
2026-04-29,11:19:56,3,7
2026-04-29,11:35:04,2,8
2026-04-29,11:50:13,2,8
2026-04-29,12:05:21,1,9
2026-04-29,12:20:29,1,9
2026-04-29,12:35:38,1,9
2026-04-29,12:50:46,1,9
2026-04-29,13:05:53,1,9
2026-04-29,13:21:01,1,9
2026-04-29,13:36:08,2,8
2026-04-29,14:06:24,3,7
2026-04-29,14:21:31,3,7
2026-04-29,14:36:39,3,7
2026-04-29,14:51:46,3,7
2026-04-29,15:06:52,3,7
2026-04-29,15:21:58,2,8
2026-04-29,15:37:06,2,8
2026-04-29,15:52:14,2,8
2026-04-29,16:07:21,2,8
2026-04-29,16:22:29,2,8
2026-04-29,16:37:37,1,9
2026-04-29,16:52:44,1,9
2026-04-29,17:07:51,1,9
2026-04-29,17:23:00,3,7
2026-04-29,17:38:08,3,7
2026-04-29,17:53:16,3,7
2026-04-29,18:08:24,3,7
2026-04-29,18:23:32,3,7
2026-04-29,18:53:48,3,7
2026-04-29,19:08:56,4,6
2026-04-29,19:24:04,4,6
2026-04-29,19:39:16,4,6
2026-04-29,19:54:22,2,8
2026-04-29,20:09:29,2,8
2026-04-29,20:24:39,3,7
2026-04-29,20:54:55,2,8
2026-04-29,21:10:08,2,8
2026-04-30,08:46:44,0,10
2026-04-30,09:01:52,1,9
2026-04-30,09:17:01,1,9
2026-04-30,09:32:09,1,9
2026-04-30,09:47:17,1,9
2026-04-30,10:02:26,1,9
2026-04-30,10:32:42,3,7
2026-04-30,10:47:50,3,7
2026-04-30,11:02:58,3,7
2026-04-30,11:18:06,3,7
2026-04-30,11:33:12,3,7
2026-04-30,12:03:23,2,8
2026-04-30,12:18:32,2,8
2026-04-30,12:33:39,2,8
2026-04-30,12:48:48,2,8
2026-04-30,13:03:55,2,8
2026-04-30,13:19:05,2,8
2026-04-30,13:34:14,0,10
2026-04-30,14:04:31,0,10
2026-04-30,14:19:41,0,10
2026-04-30,14:34:50,0,10
2026-04-30,14:49:58,0,10
2026-04-30,15:05:07,0,10
2026-04-30,15:20:15,0,10
2026-04-30,15:35:23,0,10
2026-04-30,15:50:31,0,10
2026-04-30,16:05:39,0,10
2026-04-30,16:20:48,0,10
2026-04-30,16:35:55,0,10
2026-04-30,16:51:01,0,10
2026-04-30,17:06:08,0,10
2026-04-30,17:21:17,0,10
2026-04-30,17:36:25,0,10
2026-04-30,17:51:33,0,10
2026-04-30,18:21:50,0,10
2026-04-30,18:52:06,0,10
2026-04-30,19:07:14,0,10
2026-04-30,19:22:23,0,10
2026-04-30,19:37:30,0,10
2026-04-30,20:07:47,3,7
2026-04-30,20:22:55,3,7
2026-04-30,20:38:04,3,7
2026-04-30,20:53:10,3,7
2026-04-30,21:08:18,3,7
2026-04-30,21:23:28,3,7
2026-05-01,09:15:07,0,10
2026-05-01,09:30:15,0,10
2026-05-01,09:45:23,1,9
2026-05-01,10:00:31,1,9
2026-05-01,10:15:39,1,9
2026-05-01,10:30:49,1,9
2026-05-01,10:45:58,1,9
2026-05-01,11:01:05,1,9
2026-05-01,11:31:22,1,9
2026-05-01,11:46:30,0,10
2026-05-01,12:01:38,0,10
2026-05-01,12:16:46,0,10
2026-05-01,12:31:54,2,8
2026-05-01,12:47:02,2,8
2026-05-01,13:02:10,2,8
2026-05-01,13:17:17,3,7
2026-05-01,13:32:26,3,7
2026-05-01,13:47:34,3,7
2026-05-01,14:02:42,3,7
2026-05-01,14:17:49,5,5
2026-05-01,14:32:56,3,7
2026-05-01,14:48:03,3,7
2026-05-01,15:03:12,3,7
2026-05-01,15:18:22,3,7
2026-05-01,15:33:31,3,7
2026-05-01,15:48:40,3,7
2026-05-01,16:03:49,3,7
2026-05-02,09:03:39,0,10
2026-05-02,09:18:47,1,9
2026-05-02,09:33:56,1,9
2026-05-02,09:49:04,1,9
2026-05-02,10:04:11,1,9
2026-05-02,10:19:19,1,9
2026-05-02,11:04:43,1,9
2026-05-02,11:19:51,1,9
2026-05-02,11:35:00,1,9
2026-05-02,11:50:08,1,9
2026-05-02,12:05:16,0,10
2026-05-02,12:20:24,0,10
2026-05-02,12:35:33,0,10
2026-05-02,12:50:41,0,10
2026-05-02,13:05:49,0,10
2026-05-02,13:20:57,1,9
2026-05-02,13:36:05,1,9
2026-05-02,13:51:11,1,9
2026-05-02,14:06:18,1,9
2026-05-02,14:21:24,1,9
2026-05-02,14:36:30,1,9
2026-05-02,14:51:35,0,10
2026-05-02,15:06:44,0,10
2026-05-02,15:37:02,1,9
2026-05-02,15:52:11,2,8
2026-05-03,08:51:12,0,10
2026-05-03,09:06:20,2,8
2026-05-03,09:21:29,2,8
2026-05-03,09:36:37,2,8
2026-05-03,09:51:45,2,8
2026-05-03,10:06:53,2,8
2026-05-03,10:22:03,2,8
2026-05-03,10:37:11,2,8
2026-05-03,10:52:18,2,8
2026-05-03,11:07:23,2,8
2026-05-03,11:22:29,2,8
2026-05-03,11:37:36,3,7
2026-05-03,11:52:44,2,8
2026-05-03,12:07:52,1,9
2026-05-03,12:23:01,1,9
2026-05-03,12:38:08,1,9
2026-05-03,12:53:14,2,8
2026-05-03,13:08:21,2,8
2026-05-03,13:23:30,2,8
2026-05-03,13:38:38,2,8
2026-05-03,13:53:46,2,8
2026-05-03,14:08:54,1,9
2026-05-03,14:24:02,3,7
2026-05-03,14:39:10,4,6
2026-05-03,15:24:34,3,7
2026-05-03,15:39:42,3,7
2026-05-04,12:15:52,0,10
2026-05-04,12:31:01,0,10
2026-05-04,12:46:10,0,10
2026-05-04,13:01:18,0,10
2026-05-04,13:16:27,0,10
2026-05-04,13:31:35,0,10
2026-05-04,13:46:44,0,10
2026-05-04,14:01:53,0,10
2026-05-04,14:17:02,0,10
2026-05-04,14:32:10,3,7
2026-05-04,14:47:19,4,6
2026-05-04,15:02:27,4,6
2026-05-04,15:17:36,4,6
2026-05-04,15:32:45,4,6
2026-05-04,15:47:53,4,6
2026-05-04,16:03:02,2,8
2026-05-04,16:18:11,2,8
2026-05-04,16:33:19,2,8
2026-05-04,16:48:28,2,8
2026-05-04,17:03:36,3,7
2026-05-04,17:18:45,3,7
2026-05-04,17:33:54,3,7
2026-05-04,17:49:03,3,7
2026-05-04,18:04:12,3,7
2026-05-04,18:19:20,6,4
2026-05-04,18:34:29,6,4
2026-05-04,18:49:36,6,4
2026-05-04,19:04:45,6,4
2026-05-04,19:19:54,4,6
2026-05-04,19:35:03,5,5
2026-05-04,20:05:19,5,5
2026-05-04,20:20:28,5,5
2026-05-04,20:35:36,4,6
2026-05-04,20:50:43,4,6
2026-05-05,08:11:36,0,10
2026-05-05,08:26:45,0,10
2026-05-05,08:41:52,0,10
2026-05-05,08:57:01,0,10
2026-05-05,09:12:10,0,10
2026-05-05,09:27:18,0,10
2026-05-05,09:42:27,0,10
2026-05-05,09:57:35,0,10
2026-05-05,10:12:43,0,10
2026-05-05,10:27:52,0,10
2026-05-05,10:43:00,0,10
2026-05-05,10:58:08,1,9
2026-05-05,11:13:17,1,9
2026-05-05,11:28:26,3,7
2026-05-05,11:43:34,3,7
2026-05-05,11:58:42,3,7
2026-05-05,12:13:51,3,7
2026-05-05,12:28:59,3,7
2026-05-05,12:44:08,3,7
2026-05-05,12:59:17,3,7
2026-05-05,13:29:33,3,7
2026-05-05,13:44:41,6,4
2026-05-05,13:59:49,6,4
2026-05-05,14:14:57,5,5
2026-05-05,14:30:06,5,5
2026-05-05,14:45:14,5,5
2026-05-05,15:00:23,5,5
2026-05-05,15:15:31,4,6
2026-05-05,15:30:40,6,4
2026-05-05,15:45:48,8,2
2026-05-05,16:00:57,8,2
2026-05-05,16:16:04,8,2
2026-05-05,16:31:10,8,2
2026-05-05,16:46:16,9,1
2026-05-05,17:01:22,9,1
2026-05-05,17:16:29,9,1
2026-05-05,17:31:37,9,1
2026-05-05,17:46:44,9,1
2026-05-05,18:01:52,9,1
2026-05-05,18:17:01,9,1
2026-05-05,18:32:09,9,1
2026-05-05,18:47:17,9,1
2026-05-05,19:02:25,5,5
2026-05-05,19:17:33,5,5
2026-05-05,19:32:42,5,5
2026-05-05,20:02:58,6,4
2026-05-05,20:18:06,6,4
2026-05-05,20:33:15,6,4
2026-05-05,20:48:22,4,6
2026-05-05,21:03:31,4,6
2026-05-05,21:18:40,4,6
2026-05-27,17:23:04,1,9
2026-05-29,19:58:11,9,1
2026-05-30,13:06:17,10,0
2026-05-31,13:52:22,6,4
2026-06-03,14:52:32,4,6
2026-06-05,18:15:37,5,5
2026-06-07,14:08:26,8,2
2026-06-09,18:19:50,7,3
2026-06-10,00:13:57,10,0
2026-06-10,19:44:48,8,2
2026-06-12,18:34:28,3,7
2026-06-13,14:09:54,9,1
2026-06-14,14:29:18,9,1
2026-06-16,17:30:24,8,2
2026-06-17,19:33:34,9,1
2026-06-19,18:19:22,5,5
2026-06-20,14:16:11,10,0
2026-06-21,14:31:23,9,1
2026-06-23,14:25:34,0,0
2026-06-23,17:35:01,0,0
2026-06-23,19:30:15,0,0
2026-06-24,14:09:34,0,0
2026-06-24,19:18:41,0,0
2026-06-26,13:59:41,0,0
2026-06-26,16:41:45,0,0
2026-06-26,18:51:11,0,0
2026-06-26,20:52:46,0,0
